S.No,Name,Predicted_Class,N,S,,,,
1,Axitinib (AG 013736),S,0.461481204,0.538518796,,,,
2,azd6244.cdx,S,0.378771061,0.621228939,,,,
3,untitled.cdx,S,0.465725256,0.534274744,,,,
4,untitled.cdx,S,0.479913577,0.520086423,,,,
5,Bosutinib (SKI-606).cdx,S,0.413978831,0.586021169,,,,
6,Dasatinib.cdx,S,0.424520952,0.575479048,,,,
7,untitled.cdx,S,0.309092824,0.690907176,,,,
8,untitled.cdx,S,0.422676418,0.577323582,,,,
9,Imatinib Mesylate.cdx,N,0.508289095,0.491710905,,,,
10,Lapatinib Ditosylate.cdx,S,0.449367183,0.550632817,,,,
11,untitled.cdx,S,0.475503817,0.524496183,,,,
12,untitled.cdx,N,0.548457824,0.451542176,,,,
13,untitled.cdx,N,0.505152726,0.494847274,,,,
14,untitled.cdx,S,0.411451887,0.588548113,,,,
15,RAPAMYCIN.cdx,S,0.296499417,0.703500583,,,,
16,AUTOGEN_FDA_BMM_16,S,0.400270215,0.599729785,,,,
17,AUTOGEN_FDA_BMM_17,S,0.405480036,0.594519964,,,,
18,vorinostat.cdx,S,0.30042684,0.69957316,,,,
19,untitled.cdx,S,0.374752844,0.625247156,,,,
20,untitled.cdx,S,0.304944233,0.695055767,,,,
21,AZD2281.cdx,S,0.384815443,0.615184557,,,,
22,untitled.cdx,S,0.436847457,0.563152543,,,,
23,untitled.cdx,N,0.528089778,0.471910222,,,,
24,untitled.cdx,S,0.316104071,0.683895929,,,,
25,AUTOGEN_FDA_BMM_25,N,0.796150357,0.203849643,,,,
26,Everolimus.cdx,S,0.296499417,0.703500583,,,,
27,XL-184 free base.cdx,N,0.5405614,0.4594386,,,,
28,Malotilate.cdx,S,0.184248677,0.815751323,,,,
29,VX770.cdx,S,0.397825464,0.602174536,,,,
30,Docetaxel.cdx,S,0.357227163,0.642772837,,,,
31,Paclitaxel.cdx,S,0.326781505,0.673218495,,,,
32,Capecitabine.cdx,S,0.355373391,0.644626609,,,,
33,BAY 73-4506.cdx,S,0.41491318,0.58508682,,,,
34,"Danoprevir (RG7227,ITMN-191,RO5190591).cdx",S,0.453492994,0.546507006,,,,
35,Ritonavir.cdx,S,0.450605517,0.549394483,,,,
36,Anastrozole.cdx,S,0.330044012,0.669955988,,,,
37,Aprepitant.cdx,S,0.481180078,0.518819922,,,,
38,bicalutamide.cdx,N,0.559627168,0.440372832,,,,
39,Fulvestrant.cdx,S,0.436590847,0.563409153,,,,
40,Raltitrexed.cdx,N,0.509845115,0.490154885,,,,
41,Exemestane.cdx,S,0.198742576,0.801257424,,,,
42,Cladribine.cdx,S,0.420444728,0.579555272,,,,
43,decitabine (2¡ä-deoxy-5-azacytidine).cdx,S,0.420927814,0.579072186,,,,
44,Dutasteride.cdx,S,0.234078649,0.765921351,,,,
45,AV-951.cdx,S,0.458886701,0.541113299,,,,
46,Adriamycin (Doxorubicin Hydrochloride).cdx,S,0.420514141,0.579485859,,,,
47,Adrucil (Fluorouracil).cdx,S,0.303163236,0.696836764,,,,
48,Abitrexate (Methotrexate).cdx,N,0.585167737,0.414832263,,,,
49,Bendamustine Hydrochloride.cdx,S,0.389766172,0.610233828,,,,
50,Arranon (Nelarabine).cdx,S,0.422511717,0.577488283,,,,
51,Clofarabine.cdx,S,0.421345372,0.578654628,,,,
52,Dexrazoxane Hydrochloride.cdx,S,0.231830914,0.768169086,,,,
53,Ellence (Epirubicin Hydrochloride).cdx,S,0.420514141,0.579485859,,,,
54,Etoposide.cdx,S,0.461150999,0.538849001,,,,
55,Evista (Raloxifene Hydrochloride).cdx,S,0.43354454,0.56645546,,,,
56,Fludara (Fludarabine Phosphate).cdx,S,0.427725548,0.572274452,,,,
57,Topotecan.cdx,S,0.339045382,0.660954618,,,,
58,2-Methoxyestradiol.cdx,N,0.68881367,0.31118633,,,,
59,Letrozole.cdx,S,0.119447957,0.880552043,,,,
60,Methazolastone (Temozolomide).cdx,N,0.505342341,0.494657659,,,,
61,Agomelatine.cdx,N,0.807081571,0.192918429,,,,
62,leflunomide.cdx,S,0.408594745,0.591405255,,,,
63,MDV3100.cdx,N,0.501863887,0.498136113,,,,
64,Dienogest.cdx,S,0.247151958,0.752848042,,,,
65,nepafenac.cdx,S,0.275816608,0.724183392,,,,
66,Posaconazole.cdx,S,0.45891416,0.54108584,,,,
67,prasugrel.cdx,N,0.594960229,0.405039771,,,,
68,Ramelteon.cdx,N,0.579005263,0.420994737,,,,
69,Cinacalcet Hydrochloride.cdx,N,0.525349292,0.474650708,,,,
70,Celecoxib.cdx,S,0.136169739,0.863830261,,,,
71,PLX-4032.cdx,S,0.487247045,0.512752955,,,,
72,Adapalene.cdx,S,0.202992076,0.797007924,,,,
73,Altretamine.cdx,N,0.516798411,0.483201589,,,,
74,Amisulpride.cdx,S,0.397018235,0.602981765,,,,
75,Aniracetam.cdx,S,0.413561431,0.586438569,,,,
76,Asenapine maleate.cdx,S,0.438666585,0.561333415,,,,
77,Benazepril hydrochloride.cdx,S,0.427012792,0.572987208,,,,
78,Budesonide.cdx,S,0.461266228,0.538733772,,,,
79,Bumetanide.cdx,S,0.155984038,0.844015962,,,,
80,Carmofur.cdx,S,0.22916785,0.77083215,,,,
81,CETIRIZINE DI HCL.cdx,S,0.174689103,0.825310897,,,,
82,Cilnidipine.cdx,S,0.403090845,0.596909155,,,,
83,DIETHYLSTILBESTROL (diethylstilbestrol).cdx,N,0.641991591,0.358008409,,,,
84,Diltiazem HCl.cdx,N,0.531382007,0.468617993,,,,
85,Diphenhydramine hydrochloride.cdx,S,0.200889585,0.799110415,,,,
86,Dapoxetine hydrochloride.cdx,S,0.176841624,0.823158376,,,,
87,Anagrelide hydrochloride.cdx,S,0.470925206,0.529074794,,,,
88,Antipyrine.cdx,S,0.40034012,0.59965988,,,,
89,Felodipine.cdx,S,0.338551496,0.661448504,,,,
90,Deflazacort.cdx,S,0.428306284,0.571693716,,,,
91,Nizatidine.cdx,S,0.398626152,0.601373848,,,,
92,Dyclonine hydrochloride.cdx,S,0.348178861,0.651821139,,,,
93,CARBILEV (carbidopa).cdx,N,0.584133924,0.415866076,,,,
94,VALSARTAN (valsartan).cdx,S,0.292355048,0.707644952,,,,
95,AUTOGEN_FDA_BMM_95,S,0.368562529,0.631437471,,,,
96,Hydroxyurea.cdx,S,0.162743316,0.837256684,,,,
97,IOSAT (potassium iodide).cdx,S,0.162743316,0.837256684,,,,
98,Tropisetron hydrochloride.cdx,S,0.450690091,0.549309909,,,,
99,Nicotinamide.cdx,N,0.515036494,0.484963506,,,,
100,Vitamin B12.cdx,S,0.440045404,0.559954596,,,,
101,ARTHROTEC (diclofenac sodium).cdx,S,0.309300839,0.690699161,,,,
102,FLAGYL (metronidazole).cdx,S,0.369062836,0.630937164,,,,
103,Flutamide .cdx,S,0.308352426,0.691647574,,,,
104,FLUVASTATIN SODIUM.cdx,S,0.336366225,0.663633775,,,,
105,GANTANOL (sulfamethoxazole).cdx,S,0.241031245,0.758968755,,,,
106,GANTRISIN (sulfisoxazole).cdx,S,0.319331053,0.680668947,,,,
107,AUTOGEN_FDA_BMM_107,S,0.496264161,0.503735839,,,,
108,HALDOL (haloperidol).cdx,S,0.300722637,0.699277363,,,,
109,HEDULIN (phenindione).cdx,S,0.298822539,0.701177461,,,,
110,KENACORT (triamcinolone).cdx,S,0.342749081,0.657250919,,,,
111,Azilsartan MedoxoMil.cdx,S,0.43328404,0.56671596,,,,
112,Medetomidine hcl.cdx,N,0.543074088,0.456925912,,,,
113,Prucalopride.cdx,S,0.342612563,0.657387437,,,,
114,Cilostazol.cdx,N,0.508640726,0.491359274,,,,
115,Floxuridine.cdx,S,0.398393465,0.601606535,,,,
116,Ftorafur.cdx,S,0.412615065,0.587384935,,,,
117,Ifosfamide.cdx,S,0.433557686,0.566442314,,,,
118,Megestrol Acetate.cdx,S,0.286155707,0.713844293,,,,
119,Mercaptopurine.cdx,S,0.442485466,0.557514534,,,,
120,Costunolide.cdx,S,0.206938439,0.793061561,,,,
121,Dexamethasone.cdx,S,0.342749081,0.657250919,,,,
122,Doxazosin mesylate.cdx,N,0.501422383,0.498577617,,,,
123,Etodolac.cdx,N,0.508254796,0.491745204,,,,
124,Fluconazole.cdx,S,0.369400663,0.630599337,,,,
125,Flumazenil.cdx,S,0.429841583,0.570158417,,,,
126,Fluoxetine hydrochloride.cdx,S,0.409117346,0.590882654,,,,
127,Flupirtine maleate.cdx,S,0.402747743,0.597252257,,,,
128,Gatifloxacin.cdx,S,0.422470551,0.577529449,,,,
129,Genistein.cdx,S,0.451228675,0.548771325,,,,
130,Glimepiride.cdx,S,0.396237674,0.603762326,,,,
131,Lansoprazole.cdx,N,0.566280657,0.433719343,,,,
132,Levetiracetam.cdx,S,0.41196629,0.58803371,,,,
133,"Loratadine(Alavert, Claritin).cdx",S,0.3947595,0.6052405,,,,
134,Amonafide.cdx,S,0.294859436,0.705140564,,,,
135,Acitretin.cdx,S,0.439400459,0.560599541,,,,
136,Gestodene.cdx,S,0.160875242,0.839124758,,,,
137,Drospirenone.cdx,S,0.332275822,0.667724178,,,,
138,LOPINAVIR (lopinavir).cdx,S,0.352903846,0.647096154,,,,
139,Meropenem.cdx,S,0.282264918,0.717735082,,,,
140,Mianserin hydrochloride.cdx,N,0.543263343,0.456736657,,,,
141,Mosapride citrate.cdx,S,0.375936957,0.624063043,,,,
142,Nafamostat mesylate.cdx,N,0.586712917,0.413287083,,,,
143,Naftopidil.cdx,S,0.37810642,0.62189358,,,,
144,Omeprazole.cdx,S,0.4533828,0.5466172,,,,
145,Ondansetron hydrochloride.cdx,S,0.459645004,0.540354996,,,,
146,Pizotifen malate.cdx,S,0.335812152,0.664187848,,,,
147,resveratrol.cdx,N,0.662650675,0.337349325,,,,
148,Rocuronium bromide.cdx,S,0.42520216,0.57479784,,,,
149,AUTOGEN_FDA_BMM_149,S,0.388291906,0.611708094,,,,
150,Tenofovir(PMPA).cdx,S,0.388158218,0.611841782,,,,
151,Tigecycline.cdx,S,0.424339494,0.575660506,,,,
152,Trilostane.cdx,S,0.174628949,0.825371051,,,,
153,Vecuronium Bromide.cdx,S,0.42520216,0.57479784,,,,
154,bimatoprost.cdx,S,0.199246877,0.800753123,,,,
155,Linezolid.cdx,S,0.344209998,0.655790002,,,,
156,Alfuzosin HCl.cdx,S,0.470905248,0.529094752,,,,
157,Clopidogrel bisulfate.cdx,S,0.486429506,0.513570494,,,,
158,5-Aminolevulinic acid hydrochloride.cdx,S,0.162743316,0.837256684,,,,
159,Ranolazine dihydrochloride.cdx,S,0.293461773,0.706538227,,,,
160,Repaglinide.cdx,S,0.459115493,0.540884507,,,,
161,Rolipram.cdx,N,0.809188455,0.190811545,,,,
162,Sildenafil citrate.cdx,S,0.434139405,0.565860595,,,,
163,AUTOGEN_FDA_BMM_163,N,0.66974213,0.33025787,,,,
164,Topiramate.cdx,N,0.573568474,0.426431526,,,,
165,Tranilast.cdx,S,0.489461287,0.510538713,,,,
166,Venlafaxine hydrochloride.cdx,S,0.492715184,0.507284816,,,,
167,Voriconazole.cdx,S,0.418181913,0.581818087,,,,
168,Zileuton.cdx,S,0.298503244,0.701496756,,,,
169,Ziprasidone hydrochloride.cdx,S,0.49428227,0.50571773,,,,
170,Zonisamide.cdx,S,0.468340885,0.531659115,,,,
171,Tipifarnib.cdx,N,0.533731427,0.466268573,,,,
172,FG-4592.cdx,S,0.469296517,0.530703483,,,,
173,Doxercalciferol.cdx,S,0.30485084,0.69514916,,,,
174,Alfacalcidol.cdx,S,0.30485084,0.69514916,,,,
175,Moxifloxacin hydrochloride.cdx,S,0.422470551,0.577529449,,,,
176,FCE28073.cdx,N,0.560386277,0.439613723,,,,
177,BMS-790052.cdx,S,0.41949578,0.58050422,,,,
178,Iloperidone.cdx,S,0.465657548,0.534342452,,,,
179,HMN-214.cdx,S,0.470063392,0.529936608,,,,
180,Naratriptan Hydrochloride.cdx,N,0.672942453,0.327057547,,,,
181,AP24534.cdx,S,0.481653723,0.518346277,,,,
182,Fludarabine.cdx,S,0.422532418,0.577467582,,,,
183,CELESTONE (betamethasone).cdx,S,0.342749081,0.657250919,,,,
184,CELLCEPT (mycophenolate mofetil).cdx,N,0.526925077,0.473074923,,,,
185,NEOTHYLLINE (dyphylline).cdx,S,0.414900997,0.585099003,,,,
186,AZACTAM (aztreonam).cdx,N,0.564465066,0.435534934,,,,
187,CIALIS (tadalafil).cdx,S,0.465518603,0.534481397,,,,
188,NEORAL (cyclosporine).cdx,S,0.171240611,0.828759389,,,,
189,AC220.cdx,N,0.556801612,0.443198388,,,,
190,s4075.cdx,S,0.301489734,0.698510266,,,,
191,Milnacipran hydrochloride.cdx,N,0.650217492,0.349782508,,,,
192,Darifenacin hydrobromide.cdx,N,0.54394426,0.45605574,,,,
193,2-Thiouracil.cdx,S,0.323000199,0.676999801,,,,
194,Febuxostat.cdx,S,0.281702396,0.718297604,,,,
195,Dapagliflozin (BMS-512148).cdx,S,0.40442252,0.59557748,,,,
196,Pimobendan.cdx,S,0.494175758,0.505824242,,,,
197,ABELCET (amphotericin b).cdx,S,0.344278516,0.655721484,,,,
198,Azelastine hydrochloride.cdx,S,0.379014984,0.620985016,,,,
199,Clarithromycin.cdx,S,0.227944851,0.772055149,,,,
200,Ampicillin sodium.cdx,S,0.4543987,0.5456013,,,,
201,VX-809.cdx,N,0.506789307,0.493210693,,,,
202,ALVESCO (ciclesonide).cdx,S,0.425416238,0.574583762,,,,
203,AVAGE (tazarotene).cdx,S,0.432438501,0.567561499,,,,
204,Fasudil HCl.cdx,S,0.278481731,0.721518269,,,,
205,Candesartan.cdx,S,0.412448724,0.587551276,,,,
206,Altrenogest.cdx,S,0.30485084,0.69514916,,,,
207,Apixaban.cdx,S,0.467870827,0.532129173,,,,
208,Reserpine.cdx,S,0.406564458,0.593435542,,,,
209,Furosemide.cdx,S,0.327983148,0.672016852,,,,
210,CEFDINIR (cefdinir).cdx,S,0.401850379,0.598149621,,,,
211,LOTRIMIN (clotrimazole).cdx,S,0.490560613,0.509439387,,,,
212,MAXALT (rizatriptan benzoate).cdx,N,0.537779405,0.462220595,,,,
213,MESTINON (pyridostigmine bromide).cdx,S,0.15649864,0.84350136,,,,
214,METHIMAZOLE (methimazole).cdx,S,0.16431757,0.83568243,,,,
215,METOLAZONE (metolazone).cdx,S,0.417709816,0.582290184,,,,
216,MIFEPREX (mifepristone).cdx,S,0.427581819,0.572418181,,,,
217,RILUZOLE (riluzole).cdx,N,0.524773987,0.475226013,,,,
218,Artemether.cdx,S,0.287135296,0.712864704,,,,
219,SULLA (sulfameter).cdx,S,0.36408503,0.63591497,,,,
220,Prilocaine.cdx,S,0.423255822,0.576744178,,,,
221,FERNISONE (prednisone).cdx,S,0.141908448,0.858091552,,,,
222,ALESSE (ethinyl estradiol).cdx,N,0.580529657,0.419470343,,,,
223,Naproxen sodium.cdx,S,0.198906527,0.801093473,,,,
224,ALINIA (nitazoxanide).cdx,S,0.477397287,0.522602713,,,,
225,ALLERNAZE (triamcinolone acetonide).cdx,S,0.423186439,0.576813561,,,,
226,ALLI (orlistat).cdx,N,0.717770794,0.282229206,,,,
227,ALLOPURINOL (allopurinol).cdx,S,0.362779311,0.637220689,,,,
228,ALOPRIM (allopurinol sodium).cdx,N,0.665661925,0.334338075,,,,
229,ACCOLATE (zafirlukast).cdx,S,0.42580226,0.57419774,,,,
230,ACHES-N-PAIN (ibuprofen).cdx,S,0.154011246,0.845988754,,,,
231,ALBENZA (albendazole).cdx,N,0.547478041,0.452521959,,,,
232,ALDOCLOR-250 (chlorothiazide).cdx,S,0.371502282,0.628497718,,,,
233,ACTIGALL (ursodiol).cdx,S,0.251409783,0.748590217,,,,
234,ACTIN-N (nitrofurazone).cdx,S,0.422641552,0.577358448,,,,
235,ACTRON (ketoprofen).cdx,S,0.306231623,0.693768377,,,,
236,Adenosine.cdx,S,0.428823846,0.571176154,,,,
237,Artemisinin.cdx,S,0.378098647,0.621901353,,,,
238,Artesunate.cdx,S,0.287135296,0.712864704,,,,
239,ZOMIG (zolmitriptan).cdx,N,0.656479148,0.343520852,,,,
240,TYZEKA (telbivudine).cdx,S,0.400103375,0.599896625,,,,
241,BENOQUIN (monobenzone).cdx,N,0.543026201,0.456973799,,,,
242,ATRALIN (tretinoin).cdx,S,0.215051145,0.784948855,,,,
243,AZOLID (phenylbutazone).cdx,N,0.527918775,0.472081225,,,,
244,EZETIMIBE (ezetimibe).cdx,N,0.551765858,0.448234142,,,,
245,TIKOSYN (dofetilide).cdx,N,0.658930783,0.341069217,,,,
246,DYNACIRC (isradipine).cdx,S,0.446035835,0.553964165,,,,
247,ESTROGENIC SUBSTANCE (estrone).cdx,N,0.510676592,0.489323408,,,,
248,ANCOBON (flucytosine).cdx,S,0.14638622,0.85361378,,,,
249,ALREX (loteprednol etabonate).cdx,S,0.342749081,0.657250919,,,,
250,Pregnenolone.cdx,S,0.199246877,0.800753123,,,,
251,AMINOPHYLLINE (aminophylline).cdx,S,0.471910128,0.528089872,,,,
252,Amorolfine Hydrochloride.cdx,S,0.154011246,0.845988754,,,,
253,AMPHICOL (chloramphenicol).cdx,N,0.508646404,0.491353596,,,,
254,ANTABUSE (disulfiram).cdx,S,0.162743316,0.837256684,,,,
255,APRISO (mesalamine).cdx,S,0.38822306,0.61177694,,,,
256,ATROVENT HFA (ipratropium bromide).cdx,S,0.467088645,0.532911355,,,,
257,BETAMETHASONE DIPROPIONATE (betamethasone dipropionate).cdx,S,0.461266228,0.538733772,,,,
258,BETAPAR (meprednisone).cdx,S,0.141908448,0.858091552,,,,
259,BETATREX (betamethasone valerate).cdx,S,0.461266228,0.538733772,,,,
260,BILTRICIDE (praziquantel).cdx,N,0.728549441,0.271450559,,,,
261,BUSULFEX (busulfan).cdx,S,0.408062093,0.591937907,,,,
262,GEMCITABINE (gemcitabine).cdx,S,0.391616193,0.608383807,,,,
263,CARBAMAZEPINE (carbamazepine).cdx,N,0.534798102,0.465201898,,,,
264,CETACORT (hydrocortisone).cdx,S,0.342749081,0.657250919,,,,
265,DESOWEN (desonide).cdx,S,0.423186439,0.576813561,,,,
266,DIDANOSINE (didanosine).cdx,S,0.461904504,0.538095496,,,,
267,DIVALPROEX (divalproex sodium).cdx,S,0.162743316,0.837256684,,,,
268,ENDOMETRIN (progesterone).cdx,S,0.182657463,0.817342537,,,,
269,EPIVIR (lamivudine).cdx,S,0.142660302,0.857339698,,,,
270,estradiol.cdx,N,0.555247752,0.444752248,,,,
271,EXJADE (deferasirox).cdx,S,0.378525465,0.621474535,,,,
272,FELDENE (piroxicam).cdx,S,0.430862648,0.569137352,,,,
273,GLIPIZIDE (glipizide).cdx,N,0.598030367,0.401969633,,,,
274,GLYBURIDE (glyburide).cdx,S,0.320021843,0.679978157,,,,
275,HEPSERA (adefovir dipivoxil).cdx,S,0.41132157,0.58867843,,,,
276,HIVID (zalcitabine).cdx,S,0.425362299,0.574637701,,,,
277,IMURAN (azathioprine).cdx,S,0.451048489,0.548951511,,,,
278,INDOCIN (indomethacin).cdx,S,0.306241762,0.693758238,,,,
279,Levonorgestrel.cdx,S,0.160875242,0.839124758,,,,
280,LOPID (gemfibrozil).cdx,N,0.703237953,0.296762047,,,,
281,LOZOL (indapamide).cdx,S,0.421521573,0.578478427,,,,
282,MEDROL (methylprednisolone).cdx,S,0.342749081,0.657250919,,,,
283,MELOXICAM (meloxicam).cdx,S,0.425528515,0.574471485,,,,
284,Mesna.cdx,S,0.331790532,0.668209468,,,,
285,METHOCARBAMOL (methocarbamol).cdx,N,0.514901806,0.485098194,,,,
286,MICARDIS (telmisartan).cdx,S,0.401713868,0.598286132,,,,
287,MINTEZOL (thiabendazole).cdx,N,0.570972689,0.429027311,,,,
288,MUCINEX (guaifenesin).cdx,S,0.453297059,0.546702941,,,,
289,NEVIRAPINE (nevirapine).cdx,S,0.445629798,0.554370202,,,,
290,NIMOTOP (nimodipine).cdx,S,0.365201252,0.634798748,,,,
291,OXYTROL (oxybutynin).cdx,S,0.279182307,0.720817693,,,,
292,Pitavastatin calcium.cdx,S,0.396335382,0.603664618,,,,
293,PYRAZINAMIDE (pyrazinamide).cdx,S,0.45654054,0.54345946,,,,
294,QUETIAPINE FUMARATE (quetiapine fumarate).cdx,N,0.55371748,0.44628252,,,,
295,SPECTRACEF (cefditoren pivoxil).cdx,S,0.479720283,0.520279717,,,,
296,SULFADIAZINE (sulfadiazine).cdx,S,0.418988106,0.581011894,,,,
297,TARACTAN (chlorprothixene).cdx,S,0.27173637,0.72826363,,,,
298,TERRAMYCIN (oxytetracycline).cdx,S,0.426638806,0.573361194,,,,
299,THIOGUANINE (thioguanine).cdx,S,0.442485466,0.557514534,,,,
300,Thiotepa.cdx,S,0.162743316,0.837256684,,,,
301,TRECATOR (ethionamide).cdx,S,0.26026848,0.73973152,,,,
302,TRIFLURIDINE (trifluridine).cdx,S,0.410562093,0.589437907,,,,
303,VIDAZA (azacitidine).cdx,S,0.420927814,0.579072186,,,,
304,VIRA-A (vidarabine).cdx,S,0.428823846,0.571176154,,,,
305,VUMON (teniposide).cdx,S,0.450411604,0.549588396,,,,
306,XIFAXAN (rifaximin).cdx,S,0.427363863,0.572636137,,,,
307,ZOCOR (simvastatin).cdx,S,0.293752199,0.706247801,,,,
308,ALTACE (ramipril).cdx,S,0.439366292,0.560633708,,,,
309,FENOFIBRATE (MICRONIZED) (fenofibrate).cdx,S,0.268316836,0.731683164,,,,
310,RANEXA (ranolazine).cdx,S,0.293461773,0.706538227,,,,
311,RANITIDINE (ranitidine).cdx,S,0.147461381,0.852538619,,,,
312,Acipimox.cdx,S,0.497674579,0.502325421,,,,
313,Acyclovir.cdx,S,0.406462777,0.593537223,,,,
314,ADALAT (nifedipine).cdx,S,0.37815423,0.62184577,,,,
315,Amiloride hydrochloride.cdx,S,0.434363964,0.565636036,,,,
316,Baricitinib.cdx,N,0.575420897,0.424579103,,,,
317,Amlodipine besylate.cdx,S,0.409581103,0.590418897,,,,
318,CAPITROL (chloroxine).cdx,S,0.420839677,0.579160323,,,,
319,CEENU (lomustine).cdx,S,0.164373604,0.835626396,,,,
320,CHENIX (chenodiol).cdx,S,0.251409783,0.748590217,,,,
321,cimetidine.cdx,N,0.534100438,0.465899562,,,,
322,clemastine fumarate.cdx,S,0.199668298,0.800331702,,,,
323,Daidzein.cdx,N,0.532600338,0.467399662,,,,
324,Methylthiouracil.cdx,S,0.256751015,0.743248985,,,,
325,LANIAZID (isoniazid).cdx,S,0.162743316,0.837256684,,,,
326,LEVOFLOXACIN (levofloxacin).cdx,S,0.397346705,0.602653295,,,,
327,LEXXEL (enalapril maleate).cdx,S,0.456539229,0.543460771,,,,
328,MENADIONE (menadione).cdx,S,0.431041528,0.568958472,,,,
329,Metformin hydrochloride.cdx,S,0.162743316,0.837256684,,,,
330,Methoxsalen.cdx,N,0.60496848,0.39503152,,,,
331,Miconazole nitrate.cdx,S,0.419151062,0.580848938,,,,
332,MYSOLINE (primidone).cdx,S,0.382630485,0.617369515,,,,
333,Nefiracetam.cdx,S,0.38471364,0.61528636,,,,
334,Nicorandil.cdx,S,0.472194342,0.527805658,,,,
335,Nolvadex (Tamoxifen Citrate).cdx,S,0.305300117,0.694699883,,,,
336,PAMINE (methscopolamine bromide).cdx,S,0.398256207,0.601743793,,,,
337,PROPYLTHIOURACIL (propylthiouracil).cdx,S,0.355081292,0.644918708,,,,
338,untitled.cdx,S,0.36788731,0.63211269,,,,
339,untitled.cdx,S,0.350220239,0.649779761,,,,
340,Raltegravir.cdx,S,0.446348709,0.553651291,,,,
341,pyrimethamine.cdx,S,0.342206266,0.657793734,,,,
342,Sulindac.cdx,S,0.449646422,0.550353578,,,,
343,Silibinin.cdx,N,0.578518169,0.421481831,,,,
344,Silymarin.cdx,N,0.578518169,0.421481831,,,,
345,Sinomenine.cdx,S,0.453891842,0.546108158,,,,
346,Synephrine.cdx,N,0.704380571,0.295619429,,,,
347,Tanshinone I.cdx,S,0.447357939,0.552642061,,,,
348,Tanshinone IIA.cdx,N,0.50047489,0.49952511,,,,
349,Troxerutin.cdx,S,0.482741778,0.517258222,,,,
350,AUTOGEN_FDA_BMM_350,S,0.141908448,0.858091552,,,,
351,Yohimbine hydrochloride.cdx,N,0.546647953,0.453352047,,,,
352,5-HTP.cdx,N,0.832371003,0.167628997,,,,
353,Aloin.cdx,S,0.405568382,0.594431618,,,,
354,Ammonium Glycyrrhizinate.cdx,S,0.243082773,0.756917227,,,,
355,Butylscopolamine bromide.cdx,S,0.398256207,0.601743793,,,,
356,Dioscin.cdx,S,0.233326248,0.766673752,,,,
357,Diosmetin.cdx,S,0.451038178,0.548961822,,,,
358,D-Mannitol.cdx,S,0.162743316,0.837256684,,,,
359,Gastrodin.cdx,N,0.557922953,0.442077047,,,,
360,Hematoxylin.cdx,S,0.41934287,0.58065713,,,,
361,Indirubin.cdx,S,0.435299,0.564701,,,,
362,AUTOGEN_FDA_BMM_362,S,0.408575145,0.591424855,,,,
363,L-carnitine.cdx,S,0.41672158,0.58327842,,,,
364,Naringin Dihydrochalcone.cdx,N,0.537405173,0.462594827,,,,
365,Polydatin.cdx,N,0.548281488,0.451718512,,,,
366,Metoprolol tartrate.cdx,S,0.321626891,0.678373109,,,,
367,Nimesulide.cdx,S,0.309256139,0.690743861,,,,
368,Noradrenaline bitartrate.cdx,N,0.608408354,0.391591646,,,,
369,Orphenadrine citrate.cdx,S,0.404968742,0.595031258,,,,
370,Oxytetracycline dihydrate.cdx,S,0.430133643,0.569866357,,,,
371,Pioglitazone hydrochloride.cdx,S,0.285095365,0.714904635,,,,
372,Pramiracetam.cdx,S,0.41196629,0.58803371,,,,
373,TZ-3 (tioconazole)cdx.cdx,S,0.410605631,0.589394369,,,,
374,Valaciclovir hydrochloride.cdx,S,0.477978323,0.522021677,,,,
375,PENETREX (enoxacin).cdx,S,0.449324137,0.550675863,,,,
376,CAPITAL SOLEIL 15 (avobenzone ).cdx,S,0.281776348,0.718223652,,,,
377,Lapatinib freebase.cdx,S,0.449367183,0.550632817,,,,
378,PA-824.cdx,S,0.428917825,0.571082175,,,,
379,Amiodarone hydrochloride.cdx,S,0.391695037,0.608304963,,,,
380,Pefloxacine mesylate.cdx,S,0.399505972,0.600494028,,,,
381,Canagliflozin.cdx,S,0.429541805,0.570458195,,,,
382,MK-2048.cdx,S,0.460799657,0.539200343,,,,
383,Laquinimod(ABR-215062).cdx,S,0.403715823,0.596284177,,,,
384,CP-690550.cdx,S,0.447474449,0.552525551,,,,
385,Istradefylline (KW-6002).cdx,S,0.468328963,0.531671037,,,,
386,Torcetrapib.cdx,S,0.440226948,0.559773052,,,,
387,Ciclopirox ethanolamine.cdx,S,0.401109604,0.598890396,,,,
388,Rimonabant.cdx,N,0.509147128,0.490852872,,,,
389,Cabazitaxel.cdx,S,0.357227163,0.642772837,,,,
390,Bufexamac.cdx,N,0.526975474,0.473024526,,,,
391,Lamotrigine.cdx,S,0.4353081,0.5646919,,,,
392,Lonafarnib.cdx,S,0.315142418,0.684857582,,,,
393,Synephrine hydrochloride.cdx,N,0.704380571,0.295619429,,,,
394,VISUDYNE (verteporfin).cdx,S,0.437723109,0.562276891,,,,
395,Atazanavir Sulfate.cdx,S,0.482952698,0.517047302,,,,
396,GSK2118436.cdx,N,0.560867282,0.439132718,,,,
397,BYL-719.cdx,S,0.465457237,0.534542763,,,,
398,vildagliptin.cdx,S,0.31526409,0.68473591,,,,
399,Pravastatin sodium.cdx,S,0.293752199,0.706247801,,,,
400,Daunomycin HCL.cdx,S,0.420514141,0.579485859,,,,
401,Quercetin.cdx,N,0.547224762,0.452775238,,,,
402,Sorbitol.cdx,S,0.162743316,0.837256684,,,,
403,Salidroside.cdx,N,0.646677557,0.353322443,,,,
404,Palmatine hydrochloride.cdx,S,0.49476217,0.50523783,,,,
405,Pramipexole.cdx,S,0.421176077,0.578823923,,,,
406,TRANCOPAL (chlormezanone).cdx,S,0.261054454,0.738945546,,,,
407,ATACAND (candesartan cilexetil).cdx,S,0.38815826,0.61184174,,,,
408,dextrose.cdx,S,0.162743316,0.837256684,,,,
409,XYLO-PFAN (xylose).cdx,S,0.162743316,0.837256684,,,,
410,mestranol.cdx,N,0.747315093,0.252684907,,,,
411,Naftopidil.cdx,S,0.37810642,0.62189358,,,,
412,S-(+)-Rolipram.cdx,N,0.809188455,0.190811545,,,,
413,Atropine sulfate monohydrate.cdx,S,0.467088645,0.532911355,,,,
414,Roflumilast.cdx,S,0.403079835,0.596920165,,,,
415,E7080.cdx,S,0.433197605,0.566802395,,,,
416,Biotin.cdx,S,0.225733088,0.774266912,,,,
417,Dexamethasone acetate.cdx,S,0.423186439,0.576813561,,,,
418,Ethynodiol diacetate.cdx,S,0.209313055,0.790686945,,,,
419,Atomoxetine hydrochloride.cdx,S,0.388150363,0.611849637,,,,
420,Moguisteine.cdx,S,0.336813348,0.663186652,,,,
421,Nadifloxacin.cdx,S,0.432787286,0.567212714,,,,
422,Amitriptyline hydrochloride.cdx,S,0.375846079,0.624153921,,,,
423,LDE225.cdx,N,0.525599186,0.474400814,,,,
424,Dabigatran etexilate.cdx,S,0.461247108,0.538752892,,,,
425,Tebipenem pivoxil.cdx,S,0.31798607,0.68201393,,,,
426,Daphnetin.cdx,N,0.763709438,0.236290562,,,,
427,Cyclophosphamide monohydrate.cdx,S,0.410826004,0.589173996,,,,
428,MLN2238.cdx,S,0.27365006,0.72634994,,,,
429,DESLORATADINE (desloratadine).cdx,S,0.290402103,0.709597897,,,,
430,Ornidazole.cdx,S,0.361229755,0.638770245,,,,
431,Oxybutynin chloride.cdx,S,0.279182307,0.720817693,,,,
432,MLN9708.cdx,S,0.352090204,0.647909796,,,,
433,ivermectin.cdx,S,0.314592412,0.685407588,,,,
434,AVC (sulfanilamide).cdx,S,0.243069393,0.756930607,,,,
435,irinotecan.cdx,S,0.405942572,0.594057428,,,,
436,CYT 387.cdx,S,0.431359958,0.568640042,,,,
437,(-)-Epigallocatechin gallate.cdx,S,0.42400638,0.57599362,,,,
438,4-Methylumbelliferone.cdx,N,0.729685773,0.270314227,,,,
439,AESCULIN.cdx,N,0.586774942,0.413225058,,,,
440,Amygdalin.cdx,S,0.448653742,0.551346258,,,,
441,Andrographolide.cdx,S,0.189968636,0.810031364,,,,
442,Apigenin.cdx,N,0.50242133,0.49757867,,,,
443,Arbutin.cdx,N,0.60248322,0.39751678,,,,
444,Ipriflavone.cdx,N,0.579556163,0.420443837,,,,
445,Asiatic acid.cdx,S,0.141908448,0.858091552,,,,
446,Baicalein.cdx,N,0.506070592,0.493929408,,,,
447,MPEP.cdx,S,0.278965889,0.721034111,,,,
448,Baicalin.cdx,S,0.457789886,0.542210114,,,,
449,AUTOGEN_FDA_BMM_449,S,0.321514176,0.678485824,,,,
450,Bengenin.cdx,S,0.433202704,0.566797296,,,,
451,Berberine  Hydrochloride.cdx,S,0.434077309,0.565922691,,,,
452,Caffeic acid.cdx,N,0.763709438,0.236290562,,,,
453,Chlorogenic acid.cdx,N,0.723681213,0.276318787,,,,
454,Cinchonidine.cdx,N,0.619968298,0.380031702,,,,
455,AMLODIPINE (amlodipine).cdx,S,0.409581103,0.590418897,,,,
456,Cyclosporin A.cdx,S,0.171240611,0.828759389,,,,
457,Cytisine.cdx,S,0.315148782,0.684851218,,,,
458,dihydroartemisinin.cdx,S,0.374868198,0.625131802,,,,
459,DL-Carnitine hydrochloride.cdx,S,0.41672158,0.58327842,,,,
460,Emodin.cdx,S,0.354871571,0.645128429,,,,
461,Enoxolone.cdx,S,0.143232657,0.856767343,,,,
462,10-Hydroxycamptothecin.cdx,S,0.39237434,0.60762566,,,,
463,Formononetin.cdx,N,0.584374463,0.415625537,,,,
464,Fumalic acid.cdx,N,0.734122753,0.265877247,,,,
465,Glycyrrhizic acid.cdx,S,0.243082773,0.756917227,,,,
466,Gramine.cdx,N,0.832371003,0.167628997,,,,
467,Rotundine.cdx,N,0.514838489,0.485161511,,,,
468,Tolbutamide.cdx,S,0.301175581,0.698824419,,,,
469,Hesperetin.cdx,S,0.483368312,0.516631688,,,,
470,Hesperidin.cdx,N,0.532293213,0.467706787,,,,
471,Honokiol.cdx,N,0.524824193,0.475175807,,,,
472,Hyodeoxycholic acid.cdx,S,0.251409783,0.748590217,,,,
473,Kaempferol.cdx,N,0.547224762,0.452775238,,,,
474,Kinetin.cdx,N,0.541466216,0.458533784,,,,
475,L(+)-Rhamnose Monohydrate.cdx,N,0.84631371,0.15368629,,,,
476,Luteolin.cdx,N,0.50242133,0.49757867,,,,
477,Magnolol.cdx,N,0.524824193,0.475175807,,,,
478,matrine.cdx,S,0.214721598,0.785278402,,,,
479,Morin.cdx,N,0.547224762,0.452775238,,,,
480,Nalidixic acid.cdx,S,0.401941723,0.598058277,,,,
481,Naringin.cdx,N,0.554921399,0.445078601,,,,
482,Neohesperidin dihydrochalcone.cdx,N,0.526667567,0.473332433,,,,
483,Oleanolic Acid.cdx,S,0.143232657,0.856767343,,,,
484,OROTIC ACID.cdx,S,0.308159096,0.691840904,,,,
485,Osthole.cdx,S,0.487436976,0.512563024,,,,
486,Oxymatrine.cdx,S,0.212468671,0.787531329,,,,
487,Paeonol.cdx,S,0.415699776,0.584300224,,,,
488,Parthenolide.cdx,S,0.235098893,0.764901107,,,,
489,Piperine.cdx,S,0.498277482,0.501722518,,,,
490,Puerarin.cdx,S,0.446598443,0.553401557,,,,
491,Quercetin dihydrate.cdx,N,0.547224762,0.452775238,,,,
492,Rutaecarpine.cdx,S,0.481818392,0.518181608,,,,
493,Rutin DAB10.cdx,N,0.535060588,0.464939412,,,,
494,Salicin.cdx,N,0.544608976,0.455391024,,,,
495,Sclareol.cdx,S,0.214721598,0.785278402,,,,
496,Sodium Danshensu.cdx,N,0.603852592,0.396147408,,,,
497,Amantadine HCl.cdx,S,0.214721598,0.785278402,,,,
498,Amfebutamone HCl.cdx,S,0.290861517,0.709138483,,,,
499,Bupivacaine hydrochloride.cdx,S,0.423255822,0.576744178,,,,
500,Carbamyl-beta-methylcholine chloride.cdx,S,0.162743316,0.837256684,,,,
501,Chlorpromazine HCl.cdx,S,0.384776006,0.615223994,,,,
502,Clonidine HCl.cdx,S,0.385026044,0.614973956,,,,
503,Clozapine.cdx,N,0.539829355,0.460170645,,,,
504,Domperidone.cdx,S,0.4421953,0.5578047,,,,
505,Estriol.cdx,N,0.555247752,0.444752248,,,,
506,Famciclovir.cdx,S,0.405950694,0.594049306,,,,
507,Fenbendazole.cdx,N,0.540673394,0.459326606,,,,
508,Gallamine triethiodide.cdx,S,0.26706292,0.73293708,,,,
509,Hexestrol.cdx,S,0.347174296,0.652825704,,,,
510,Imatinib.cdx,N,0.508289095,0.491710905,,,,
511,Lincomycin  HCl.cdx,S,0.45303091,0.54696909,,,,
512,Loperamide HCl.cdx,S,0.380010728,0.619989272,,,,
513,Manidipine.cdx,S,0.376386136,0.623613864,,,,
514,PCI-32765.cdx,S,0.465228382,0.534771618,,,,
515,Manidipine HCl.cdx,S,0.376386136,0.623613864,,,,
516,Milrinone.cdx,S,0.283808588,0.716191412,,,,
517,AUTOGEN_FDA_BMM_517,S,0.450157019,0.549842981,,,,
518,Moroxydine HCl.cdx,S,0.347174296,0.652825704,,,,
519,Mycophenolic acid.cdx,N,0.526925077,0.473074923,,,,
520,nateglinide.cdx,N,0.655960944,0.344039056,,,,
521,Nitrendipine.cdx,S,0.367349131,0.632650869,,,,
522,Novobiocin sodium.cdx,S,0.436842391,0.563157609,,,,
523,Olanzapine.cdx,N,0.540592779,0.459407221,,,,
524,Olopatadine HCl.cdx,S,0.455170529,0.544829471,,,,
525,Ozagrel.cdx,S,0.46686707,0.53313293,,,,
526,Pancuronium bromide.cdx,S,0.42520216,0.57479784,,,,
527,Quinine hydrochloride dihydrate.cdx,N,0.680937752,0.319062248,,,,
528,Racecadotril.cdx,N,0.514841921,0.485158079,,,,
529,Ribavirin.cdx,S,0.411088778,0.588911222,,,,
530,Rosiglitazone maleate.cdx,S,0.41672799,0.58327201,,,,
531,Scopolamine hydrobromide.cdx,S,0.398256207,0.601743793,,,,
532,Sotalol HCl.cdx,N,0.574684396,0.425315604,,,,
533,Spectinomycin  HCl.cdx,N,0.512047102,0.487952898,,,,
534,Sulfadoxine.cdx,S,0.454866068,0.545133932,,,,
535,Terbinafine hydrochloride.cdx,S,0.321809259,0.678190741,,,,
536,Vardenafil hydrochloride trihydrate.cdx,S,0.414088574,0.585911426,,,,
537,Maprotiline hydrochloride.cdx,S,0.361500071,0.638499929,,,,
538,Naphazoline hydrochloride.cdx,N,0.650217492,0.349782508,,,,
539,Epinephrine bitartrate.cdx,N,0.758347781,0.241652219,,,,
540,Phenytoin sodium.cdx,S,0.3641262,0.6358738,,,,
541,Phenytoin.cdx,S,0.401521391,0.598478609,,,,
542,Ciclopirox.cdx,S,0.401109604,0.598890396,,,,
543,Dopamine hydrochloride.cdx,N,0.608408354,0.391591646,,,,
544,L-Ascorbyl 6-palmitate.cdx,N,0.574569397,0.425430603,,,,
545,Ritodrine hydrochloride.cdx,N,0.704380571,0.295619429,,,,
546,Isoconazole nitrate.cdx,S,0.419151062,0.580848938,,,,
547,Econazole nitrate.cdx,S,0.419151062,0.580848938,,,,
548,Miconazole.cdx,S,0.419151062,0.580848938,,,,
549,Secnidazole.cdx,S,0.338348923,0.661651077,,,,
550,untitled.cdx,S,0.353657984,0.646342016,,,,
551,fty720.cdx,S,0.452648697,0.547351303,,,,
552,P.cdx,S,0.273728183,0.726271817,,,,
553,CP-690550 citrate.cdx,S,0.447474449,0.552525551,,,,
554,Toremifene Citrate.cdx,S,0.305300117,0.694699883,,,,
555,CAL-1011.cdx,S,0.45467548,0.54532452,,,,
556,Neohesperidin.cdx,N,0.532293213,0.467706787,,,,
557,Clomipramine hydrochloride.cdx,S,0.36251696,0.63748304,,,,
558,Ceftiofur hydrochloride.cdx,S,0.392804042,0.607195958,,,,
559,Phenformin hydrochloride.cdx,N,0.601435978,0.398564022,,,,
560,erythromycin.cdx,S,0.227944851,0.772055149,,,,
561,Trospium chloride.cdx,S,0.358497779,0.641502221,,,,
562,Clomifene citrate.cdx,S,0.300360484,0.699639516,,,,
563,Cloxacillin sodium.cdx,S,0.355731815,0.644268185,,,,
564,Niacin(acid).cdx,S,0.134597949,0.865402051,,,,
565,Cortisone acetate.cdx,S,0.227409622,0.772590378,,,,
566,Isoprenaline hydrochloride.cdx,N,0.758347781,0.241652219,,,,
567,Rosiglitazone.cdx,S,0.41672799,0.58327201,,,,
568,R7935788.cdx,S,0.392583833,0.607416167,,,,
569,Edaravone.cdx,N,0.527918775,0.472081225,,,,
570,GSK1349572.cdx,S,0.380525552,0.619474448,,,,
571,Suplatast tosylate.cdx,S,0.498494156,0.501505844,,,,
572,LIDEX-E (fluocinonide).cdx,S,0.423433838,0.576566162,,,,
573,Curcumin.cdx,N,0.700341349,0.299658651,,,,
574,Prednisolone acetate.cdx,S,0.423186439,0.576813561,,,,
575,Dimethyl Fumarate.cdx,S,0.234846716,0.765153284,,,,
576,Clinofbrate.cdx,S,0.377610229,0.622389771,,,,
577,GSK1120212.cdx,S,0.446839802,0.553160198,,,,
578,Ciprofibrate.cdx,S,0.448950276,0.551049724,,,,
579,Amoxicillin sodium.cdx,S,0.4543987,0.5456013,,,,
580,KX2-391.cdx,S,0.484202269,0.515797731,,,,
581,TG101348.cdx,S,0.259772277,0.740227723,,,,
582,Brompheniramine maleate.cdx,S,0.155540241,0.844459759,,,,
583,CARVEDILOL (carvedilol).cdx,S,0.388577932,0.611422068,,,,
584,Phenylephrine hydrochloride.cdx,N,0.745025465,0.254974535,,,,
585,Medroxyprogesterone acetate.cdx,S,0.332275822,0.667724178,,,,
586,AUTOGEN_FDA_BMM_586,S,0.445369217,0.554630783,,,,
587,PF299804.cdx,S,0.448191703,0.551808297,,,,
588,Linagliptin.cdx,S,0.479473355,0.520526645,,,,
589,Erdosteine.cdx,S,0.347174296,0.652825704,,,,
590,Fenoprofen calcium.cdx,N,0.896244312,0.103755688,,,,
591,BENICAR (olmesartan medoxomil).cdx,S,0.453024508,0.546975492,,,,
592,Pramipexole.cdx,S,0.421176077,0.578823923,,,,
593,Adenine hydrochloride.cdx,S,0.447826672,0.552173328,,,,
594,Benidipine hydrochloride.cdx,S,0.385179422,0.614820578,,,,
595,Clorsulon.cdx,S,0.470754272,0.529245728,,,,
596,Fluticasone propionate.cdx,S,0.390488336,0.609511664,,,,
597,Formoterol fumarate.cdx,N,0.654764201,0.345235799,,,,
598,Ketotifen fumarate.cdx,S,0.335812152,0.664187848,,,,
599,Lacidipine.cdx,S,0.440789947,0.559210053,,,,
600,MIRTAZAPINE (mirtazapine).cdx,N,0.544873973,0.455126027,,,,
601,Mometasone furoate.cdx,S,0.387631965,0.612368035,,,,
602,Pidotimod.cdx,N,0.589933626,0.410066374,,,,
603,Pyridoxine hydrochloride.cdx,S,0.327168236,0.672831764,,,,
604,Tetracaine hydrochloride.cdx,S,0.423488071,0.576511929,,,,
605,Urapidil hydrochloride.cdx,S,0.38991101,0.61008899,,,,
606,Albendazole oxide.cdx,N,0.51761087,0.48238913,,,,
607,Alibendol.cdx,S,0.439640732,0.560359268,,,,
608,Aspartame.cdx,N,0.627016521,0.372983479,,,,
609,Bifonazole.cdx,S,0.443084314,0.556915686,,,,
610,Butoconazole nitrate.cdx,S,0.391817363,0.608182637,,,,
611,Ganciclovir.cdx,S,0.406462777,0.593537223,,,,
612,Phentolamine mesilate.cdx,S,0.411907667,0.588092333,,,,
613,Sulphadimethoxine.cdx,S,0.469449609,0.530550391,,,,
614,Uridine.cdx,S,0.398393465,0.601606535,,,,
615,ENALAPRILAT (enalaprilat).cdx,S,0.42119141,0.57880859,,,,
616,Cefoperazone acid.cdx,S,0.399321057,0.600678943,,,,
617,Acemetacin.cdx,S,0.344610346,0.655389654,,,,
618,NATACYN (natamycin).cdx,S,0.359519574,0.640480426,,,,
619,Nystatin (Fungicidin).cdx,S,0.344278516,0.655721484,,,,
620,Buflomedil hydrochloride.cdx,S,0.363701903,0.636298097,,,,
621,Clobetasol propionate.cdx,S,0.423186439,0.576813561,,,,
622,Lonidamine.cdx,S,0.219603256,0.780396744,,,,
623,L-Thyroxine.cdx,N,0.716048211,0.283951789,,,,
624,Miglitol.cdx,S,0.225950914,0.774049086,,,,
625,Phenacetin.cdx,S,0.451843562,0.548156438,,,,
626,Pioglitazone.cdx,S,0.285095365,0.714904635,,,,
627,Tetracycline hydrochloride.cdx,S,0.430133643,0.569866357,,,,
628,Thiamphenicol.cdx,N,0.561347818,0.438652182,,,,
629,Tolfenamic acid.cdx,S,0.311998602,0.688001398,,,,
630,Tolvaptan.cdx,S,0.429302307,0.570697693,,,,
631,Zidovudine.cdx,S,0.421754163,0.578245837,,,,
632,10-DAB.cdx,S,0.253531918,0.746468082,,,,
633,Geniposide.cdx,S,0.317819315,0.682180685,,,,
634,Gliclazide.cdx,S,0.355666121,0.644333879,,,,
635,Idebenone.cdx,N,0.540589525,0.459410475,,,,
636,Paeoniflorin.cdx,N,0.532627115,0.467372885,,,,
637,Quinapril hydrochloride.cdx,S,0.488995424,0.511004576,,,,
638,Atracurium besylate.cdx,N,0.583908291,0.416091709,,,,
639,Captopril.cdx,S,0.364504336,0.635495664,,,,
640,Cyproheptadine hydrochloride.cdx,S,0.40182042,0.59817958,,,,
641,Cyproterone acetate.cdx,S,0.286155707,0.713844293,,,,
642,Cytidine.cdx,S,0.391616193,0.608383807,,,,
643,Doxifluridine.cdx,S,0.38795212,0.61204788,,,,
644,Gimeracil.cdx,S,0.381330176,0.618669824,,,,
645,Memantine HCl.cdx,S,0.214721598,0.785278402,,,,
646,Thalidomide.cdx,S,0.419991852,0.580008148,,,,
647,Finasteride.cdx,S,0.17201123,0.82798877,,,,
648,Bisoprolol Fumarate.cdx,S,0.314237868,0.685762132,,,,
649,Dacarbazine.cdx,N,0.524047738,0.475952262,,,,
650,Entecavir hydrate.cdx,S,0.388874516,0.611125484,,,,
651,Rufinamide.cdx,S,0.219925849,0.780074151,,,,
652,Acarbose.cdx,S,0.434726106,0.565273894,,,,
653,ALPHACAINE (lidocaine).cdx,S,0.423549545,0.576450455,,,,
654,AUTOGEN_FDA_BMM_654,S,0.44079278,0.55920722,,,,
655,Tioxolone.cdx,S,0.484963832,0.515036168,,,,
656,Betaxolol hydrochloride.cdx,S,0.407776633,0.592223367,,,,
657,Sodium salicylate.cdx,S,0.315630411,0.684369589,,,,
658,Sulfamerazine.cdx,S,0.403015144,0.596984856,,,,
659,Sulfamethazine.cdx,S,0.403015144,0.596984856,,,,
660,Trimethoprim.cdx,N,0.651737425,0.348262575,,,,
661,Entacapone.cdx,S,0.446960106,0.553039894,,,,
662,Estradiol Valerate.cdx,N,0.650994698,0.349005302,,,,
663,Articaine hydrochloride.cdx,S,0.421141022,0.578858978,,,,
664,Gliquidone.cdx,N,0.742322702,0.257677298,,,,
665,Butenafine Hydrochloride.cdx,S,0.124696486,0.875303514,,,,
666,Mepivacaine hydrochloride.cdx,S,0.423255822,0.576744178,,,,
667,Tylosin tartrate.cdx,S,0.332710188,0.667289812,,,,
668,Benztropine mesylate.cdx,S,0.180710231,0.819289769,,,,
669,Betahistine dihydrochloride.cdx,S,0.302980797,0.697019203,,,,
670,Brinzolamide.cdx,S,0.439172839,0.560827161,,,,
671,Carbenicillin disodium.cdx,S,0.383956652,0.616043348,,,,
672,Eletriptan hydrobromide.cdx,N,0.539153441,0.460846559,,,,
673,Flumequine.cdx,S,0.479852851,0.520147149,,,,
674,Ticarcillin sodium.cdx,S,0.374330533,0.625669467,,,,
675,Azlocillin sodium salt.cdx,S,0.433307671,0.566692329,,,,
676,Trifluoperazine dihydrochloride.cdx,S,0.356079457,0.643920543,,,,
677,Adrenalone hydrochloride.cdx,S,0.49477664,0.50522336,,,,
678,Reboxetine mesylate.cdx,S,0.439653733,0.560346267,,,,
679,Triflusal.cdx,S,0.308883752,0.691116248,,,,
680,Xylazine HCl.cdx,S,0.323948933,0.676051067,,,,
681,Catharanthine.cdx,S,0.400116875,0.599883125,,,,
682,Fexofenadine HCl.cdx,S,0.22959759,0.77040241,,,,
683,Moclobemide.cdx,S,0.134767102,0.865232898,,,,
684,ARN-509.cdx,N,0.540939736,0.459060264,,,,
685,Ascorbic acid.cdx,N,0.545746576,0.454253424,,,,
686,Sulfathiazole.cdx,S,0.40148219,0.59851781,,,,
687,carfilzomib(PR-171).cdx,S,0.448425226,0.551574774,,,,
688,VIOXX (rofecoxib).cdx,N,0.801838983,0.198161017,,,,
689,Azilsartan.cdx,S,0.435534918,0.564465082,,,,
690,Cinepazide maleate.cdx,N,0.523843561,0.476156439,,,,
691,Equol.cdx,S,0.321180581,0.678819419,,,,
692,Otilonium Bromide.cdx,S,0.374017038,0.625982962,,,,
693,Cyclocytidine hydrochloride.cdx,S,0.436408733,0.563591267,,,,
694,Bosentan hydrate.cdx,S,0.433788692,0.566211308,,,,
695,Alverine citrate.cdx,S,0.162743316,0.837256684,,,,
696,Azelnidipine.cdx,S,0.376597517,0.623402483,,,,
697,Chlorhexidine Hydrochloride.cdx,S,0.422752563,0.577247437,,,,
698,Diclofenac Diethylamine.cdx,S,0.309300839,0.690699161,,,,
699,CATAFLAM (diclofenac potassium).cdx,S,0.309300839,0.690699161,,,,
700,Epinephrine HCl.cdx,N,0.758347781,0.241652219,,,,
701,Inosine.cdx,S,0.404596812,0.595403188,,,,
702,Beclomethasone dipropionate.cdx,S,0.461266228,0.538733772,,,,
703,Naloxone HCL.cdx,S,0.470081608,0.529918392,,,,
704,Pircetam.cdx,S,0.41196629,0.58803371,,,,
705,Vanillin.cdx,N,0.575364355,0.424635645,,,,
706,Acesulfame potassium.cdx,S,0.445256228,0.554743772,,,,
707,"atovaquone (atavaquone, Mepron).cdx",S,0.402542039,0.597457961,,,,
708,etravirine (TMC125).cdx,S,0.415856867,0.584143133,,,,
709,Camostat mesilate.cdx,N,0.647445477,0.352554523,,,,
710,Rupatadine fumarate.cdx,S,0.290402103,0.709597897,,,,
711,Guanosine.cdx,S,0.404586762,0.595413238,,,,
712,Indacaterol Maleate.cdx,S,0.473055905,0.526944095,,,,
713,Triptolide.cdx,S,0.337807601,0.662192399,,,,
714,Pirfenidone.cdx,S,0.361144398,0.638855602,,,,
715,S-Ruxolitinib.cdx,S,0.366134648,0.633865352,,,,
716,Lumiracoxib.cdx,S,0.337526559,0.662473441,,,,
717,4-AMINOHIPPURIC ACID.cdx,S,0.373432005,0.626567995,,,,
718,ABILIFY (aripiprazole).cdx,S,0.404177566,0.595822434,,,,
719,Duloxetine hydrochloride.cdx,S,0.427163481,0.572836519,,,,
720,Almotriptan malate.cdx,N,0.66974213,0.33025787,,,,
721,Paroxetine hydrochloride.cdx,S,0.375958499,0.624041501,,,,
722,Terazosin hydrochloride.cdx,N,0.563390369,0.436609631,,,,
723,Ivabradine hydrocloride.cdx,N,0.901334914,0.098665086,,,,
724,Betaxolol.cdx,S,0.407776633,0.592223367,,,,
725,Detomidine hydrochloride.cdx,S,0.487278551,0.512721449,,,,
726,Cisatracurium besylate.cdx,N,0.583908291,0.416091709,,,,
727,Levosulpiride.cdx,S,0.204139617,0.795860383,,,,
728,Trimebutine.cdx,N,0.517056471,0.482943529,,,,
729,Naltrexone hydrochloride.cdx,S,0.470081608,0.529918392,,,,
730,icotinib.cdx,S,0.411325201,0.588674799,,,,
731,Melatonin.cdx,N,0.906470924,0.093529076,,,,
732,Felbamate.cdx,S,0.26026848,0.73973152,,,,
733,Fluvoxamine maleate.cdx,S,0.246972889,0.753027111,,,,
734,Oxcarbazepine.cdx,S,0.404480274,0.595519726,,,,
735,NAQUIVAL (trichlormethiazide).cdx,S,0.398993205,0.601006795,,,,
736,PROFENAL (suprofen).cdx,S,0.190932455,0.809067545,,,,
737,Pranlukast.cdx,S,0.366973581,0.633026419,,,,
738,Oxfendazole.cdx,N,0.51282204,0.48717796,,,,
739,Tizanidine hydrochloride.cdx,S,0.427947573,0.572052427,,,,
740,Erythromycin ethylsuccinate.cdx,S,0.371454332,0.628545668,,,,
741,Linezolid.cdx,S,0.473478681,0.526521319,,,,
742,CAVERJECT (alprostadil).cdx,S,0.203843995,0.796156005,,,,
743,AUTOGEN_FDA_BMM_743,S,0.36391513,0.63608487,,,,
744,Roxatidine acetate hydrochloride.cdx,S,0.359237332,0.640762668,,,,
745,Protionamide.cdx,S,0.26026848,0.73973152,,,,
746,MICROSUL (sulfamethizole).cdx,S,0.385662688,0.614337312,,,,
747,MYDRIACYL (tropicamide).cdx,S,0.420680919,0.579319081,,,,
748,Sulbactam.cdx,S,0.311691574,0.688308426,,,,
749,Pranoprofen.cdx,S,0.492549395,0.507450605,,,,
750,Rimantadine.cdx,S,0.214721598,0.785278402,,,,
751,Meglumine.cdx,S,0.333486465,0.666513535,,,,
752,Diclazuril.cdx,S,0.42170324,0.57829676,,,,
753,Flunarizine dihydrochloride.cdx,S,0.417033476,0.582966524,,,,
754,Fenticonazole nitrate.cdx,S,0.419151062,0.580848938,,,,
755,Rebamipide.cdx,S,0.426698434,0.573301566,,,,
756,Bromhexine hydrochloride.cdx,N,0.695349943,0.304650057,,,,
757,ADENOSINE (adenosine).cdx,S,0.293752199,0.706247801,,,,
758,Tiopronin.cdx,S,0.234846716,0.765153284,,,,
759,Balofloxacin.cdx,S,0.422470551,0.577529449,,,,
760,Lafutidine.cdx,S,0.420439272,0.579560728,,,,
761,Moxonidine.cdx,S,0.430306421,0.569693579,,,,
762,Argatroban.cdx,S,0.391714038,0.608285962,,,,
763,Rosiglitazone hydrochloride.cdx,S,0.41672799,0.58327201,,,,
764,Atorvastatin calcium.cdx,S,0.399015657,0.600984343,,,,
765,Famotidine.cdx,S,0.381388401,0.618611599,,,,
766,Moexipril hydrochloride.cdx,N,0.528513435,0.471486565,,,,
767,Cleviprex.cdx,S,0.362137065,0.637862935,,,,
768,Adiphenine hydrochloride.cdx,S,0.229278131,0.770721869,,,,
769,Rivastigmine tartrate.cdx,N,0.896244312,0.103755688,,,,
770,Dexmedetomidine hydrochloride.cdx,N,0.543074088,0.456925912,,,,
771,Ambrisentan.cdx,S,0.288883033,0.711116967,,,,
772,Bexarotene.cdx,S,0.401563722,0.598436278,,,,
773,Temocapril hydrochloride.cdx,S,0.445429719,0.554570281,,,,
774,Gabexate mesylate.cdx,N,0.549189751,0.450810249,,,,
775,Rasagiline mesylate.cdx,N,0.545104267,0.454895733,,,,
776,Flunixin meglumine.cdx,S,0.435224239,0.564775761,,,,
777,Dronedarone hydrochloride.cdx,S,0.351778227,0.648221773,,,,
778,Conivaptan hydrochloride.cdx,N,0.721564397,0.278435603,,,,
779,AUTOGEN_FDA_BMM_779,S,0.243069393,0.756930607,,,,
780,LORELCO (probucol).cdx,N,0.56825432,0.43174568,,,,
781,Arbidol hydrochloride.cdx,S,0.364383342,0.635616658,,,,
782,Levosimendan.cdx,S,0.495844438,0.504155562,,,,
783,CAPEX (fluocinolone acetonide).cdx,S,0.423433838,0.576566162,,,,
784,Phenoxybenzamine hydrochloride.cdx,S,0.305828444,0.694171556,,,,
785,Propafenone.cdx,S,0.273175864,0.726824136,,,,
786,Roxithromycin.cdx,S,0.402308905,0.597691095,,,,
787,Tenoxicam.cdx,S,0.451211319,0.548788681,,,,
788,Sulbactam sodium.cdx,S,0.311691574,0.688308426,,,,
789,Xylometazoline hydrochloride.cdx,N,0.557992169,0.442007831,,,,
790,ARC029(Nilvadipine).cdx,S,0.367349131,0.632650869,,,,
791,Carbazochrome sodium sulfonate.cdx,S,0.42574259,0.57425741,,,,
792,Clevudine.cdx,S,0.400222472,0.599777528,,,,
793,Zaltoprofen.cdx,S,0.329885796,0.670114204,,,,
794,Pazopanib.cdx,S,0.411451887,0.588548113,,,,
795,amoxicillin.cdx,S,0.4543987,0.5456013,,,,
796,aspirin.cdx,S,0.154140303,0.845859697,,,,
797,Niflumic acid.cdx,S,0.351330051,0.648669949,,,,
798,AGENERASE (amprenavir).cdx,S,0.4422512,0.5577488,,,,
799,PREZISTA (darunavir ethanolate).cdx,S,0.44825385,0.55174615,,,,
800,Proparacaine hydrochloride.cdx,S,0.403267884,0.596732116,,,,
801,S.A.S.-500 (sulfasalazine).cdx,S,0.433264487,0.566735513,,,,
802,AUTOGEN_FDA_BMM_802,S,0.464052027,0.535947973,,,,
803,ZAGAM (sparfloxacin).cdx,S,0.421999016,0.578000984,,,,
804,Tolnaftate.cdx,S,0.258847862,0.741152138,,,,
805,Ozagrel hydrochloride.cdx,S,0.46686707,0.53313293,,,,
806,Arecoline hydrobromide.cdx,S,0.261348193,0.738651807,,,,
807,Cobicistat (GS-9350).cdx,S,0.459005061,0.540994939,,,,
808,Pergolide mesylate salt.cdx,N,0.642139497,0.357860503,,,,
809,Cabozantinib£¨XL-184) malate.cdx,N,0.5405614,0.4594386,,,,
810,PF-05208749.cdx,N,0.524151316,0.475848684,,,,
811,acebutolol hydrochloride.cdx,S,0.385143533,0.614856467,,,,
812,Ampiroxicam.cdx,S,0.443420042,0.556579958,,,,
813,Lithocholic acid.cdx,S,0.251409783,0.748590217,,,,
814,Mirabegron.cdx,N,0.543782172,0.456217828,,,,
815,Allylthiourea.cdx,S,0.162743316,0.837256684,,,,
816,Hyoscyamine (L).cdx,S,0.467088645,0.532911355,,,,
817,Avanafil.cdx,S,0.430976476,0.569023524,,,,
818,BENEMID (probenecid).cdx,S,0.330941193,0.669058807,,,,
819,procaine hydrochloride.cdx,S,0.270073859,0.729926141,,,,
820,sennoside B.cdx,S,0.417862109,0.582137891,,,,
821,Sodium picosulfate.cdx,S,0.318118296,0.681881704,,,,
822,Tolcapone.cdx,S,0.245816016,0.754183984,,,,
823,methazolamide.cdx,S,0.477180913,0.522819087,,,,
824,Nabumetone.cdx,S,0.198906527,0.801093473,,,,
825,sertraline hydrochloride.cdx,S,0.299759478,0.700240522,,,,
826,methyclothiazide.cdx,S,0.446079589,0.553920411,,,,
827,retapamulin.cdx,S,0.297715035,0.702284965,,,,
828,ronidazole.cdx,S,0.401898919,0.598101081,,,,
829,ropivacaine hydrochloride.cdx,S,0.423255822,0.576744178,,,,
830,Nafcillin sodium monohydrate.cdx,S,0.315581892,0.684418108,,,,
831,norethindrone.cdx,S,0.160875242,0.839124758,,,,
832,olsalazine sodium.cdx,S,0.426016976,0.573983024,,,,
833,Tetrahydrozoline hydrochloride.cdx,N,0.661773299,0.338226701,,,,
834,Toltrazuril.cdx,S,0.449500693,0.550499307,,,,
835,Dibucaine HCL.cdx,S,0.458665538,0.541334462,,,,
836,Diphemanil methylsulfate.cdx,S,0.301200138,0.698799862,,,,
837,Doxapram HCl.cdx,N,0.511585585,0.488414415,,,,
838,Desvenlafaxine.cdx,S,0.35866516,0.64133484,,,,
839,AUTOGEN_FDA_BMM_839,S,0.35866516,0.64133484,,,,
840,Dicloxacillin sodium.cdx,S,0.355731815,0.644268185,,,,
841,Estradiol benzoate.cdx,N,0.583556629,0.416443371,,,,
842,Aminosalicylate sodium.cdx,S,0.286950347,0.713049653,,,,
843,AUTOGEN_FDA_BMM_843,S,0.424025135,0.575974865,,,,
844,Bisacodyl.cdx,S,0.155540241,0.844459759,,,,
845,Carbimazole.cdx,S,0.2734526,0.7265474,,,,
846,Decamethonium bromide.cdx,S,0.214721598,0.785278402,,,,
847,Estradiol cypionate.cdx,N,0.650994698,0.349005302,,,,
848,Griseofulvin.cdx,S,0.338249513,0.661750487,,,,
849,Guanidine HCl.cdx,S,0.162743316,0.837256684,,,,
850,Mefenamic acid.cdx,S,0.368322581,0.631677419,,,,
851,Mequinol.cdx,S,0.347174296,0.652825704,,,,
852,Pirarubicin.cdx,S,0.423581188,0.576418812,,,,
853,valganciclovir hydrochloride.cdx,S,0.48143754,0.51856246,,,,
854,Escitalopram oxalate.cdx,S,0.438381874,0.561618126,,,,
855,Guanabenz acetate.cdx,S,0.275364983,0.724635017,,,,
856,tinidazole.cdx,S,0.338791445,0.661208555,,,,
857,OCUSULF-10 (sulfacetamide sodium).cdx,S,0.249024767,0.750975233,,,,
858,Ticagrelor.cdx,S,0.389858637,0.610141363,,,,
859,DYRENIUM (triamterene).cdx,N,0.61178404,0.38821596,,,,
860,Ethambutol Hydrochloride.cdx,S,0.162743316,0.837256684,,,,
861,EQUIPIN (homatropine methylbromide).cdx,S,0.41719854,0.58280146,,,,
862,Homatropine bromide.cdx,S,0.41719854,0.58280146,,,,
863,Hydroxyzine dihydrochloride.cdx,S,0.174689103,0.825310897,,,,
864,Aclidinium bromide.cdx,S,0.458752153,0.541247847,,,,
865,Histamine dihydrochloride.cdx,N,0.516798411,0.483201589,,,,
866,Levodropropizine.cdx,S,0.230202103,0.769797897,,,,
867,Pefloxacin mesylate dihydrate.cdx,S,0.399505972,0.600494028,,,,
868,sodium phenylbutyrate.cdx,S,0.162743316,0.837256684,,,,
869,Sulconazle Nitrate.cdx,S,0.347452889,0.652547111,,,,
870,Tilmicosin.cdx,S,0.283378411,0.716621589,,,,
871,Timolol Maleate.cdx,S,0.347371851,0.652628149,,,,
872,Tolazoline HCl.cdx,N,0.650217492,0.349782508,,,,
873,Troxipide.cdx,S,0.42626009,0.57373991,,,,
874,Ampicillin trihydrate.cdx,S,0.4543987,0.5456013,,,,
875,Azithromycin dihydrate.cdx,S,0.321514176,0.678485824,,,,
876,Cyclizine 2HCl.cdx,S,0.155904327,0.844095673,,,,
877,Dinitolmide.cdx,S,0.253202979,0.746797021,,,,
878,1-Hexadecanol.cdx,S,0.251409783,0.748590217,,,,
879,Amfenac Sodium£¨monohydrate£©.cdx,S,0.275816608,0.724183392,,,,
880,Benzydamine hydrochloride.cdx,S,0.352347953,0.647652047,,,,
881,Betamipron.cdx,S,0.145572315,0.854427685,,,,
882,RIMADYL (carprofen).cdx,S,0.410349303,0.589650697,,,,
883,Cetylpyridinium chloride.cdx,S,0.095554362,0.904445638,,,,
884,Chlorpropamide.cdx,S,0.204312687,0.795687313,,,,
885,Chlorquinaldol.cdx,S,0.335579488,0.664420512,,,,
886,Chlorzoxazone.cdx,S,0.341541096,0.658458904,,,,
887,Choline Chloride.cdx,S,0.162743316,0.837256684,,,,
888,Cinchophen.cdx,S,0.193577806,0.806422194,,,,
889,Climbazole.cdx,S,0.365320771,0.634679229,,,,
890,Clofazimine.cdx,S,0.3743641,0.6256359,,,,
891,Clorprenaline HCl.cdx,S,0.353573052,0.646426948,,,,
892,Closantel.cdx,S,0.407828133,0.592171867,,,,
893,Closantel sodium.cdx,S,0.296873895,0.703126105,,,,
894,Coumarin.cdx,N,0.673586147,0.326413853,,,,
895,Cyclandelate.cdx,N,0.81038683,0.18961317,,,,
896,Cyromazine.cdx,S,0.162743316,0.837256684,,,,
897,Dexlansoprazole.cdx,N,0.566280657,0.433719343,,,,
898,Doxofylline.cdx,S,0.464709163,0.535290837,,,,
899,Dropropizine.cdx,S,0.230202103,0.769797897,,,,
900,Ethamsylate.cdx,S,0.384801218,0.615198782,,,,
901,Mezlocillin sodium.cdx,S,0.371711119,0.628288881,,,,
902,nifuroxazide.cdx,S,0.348834547,0.651165453,,,,
903,Penciclovir.cdx,S,0.405031991,0.594968009,,,,
904,penfluridol.cdx,S,0.322073056,0.677926944,,,,
905,Salicylanilide.cdx,S,0.368314459,0.631685541,,,,
906,Sasapyrine.cdx,S,0.496546403,0.503453597,,,,
907,Sulfaguanidine.cdx,S,0.277467615,0.722532385,,,,
908,tiratricol.cdx,N,0.608408354,0.391591646,,,,
909,triclabendazole.cdx,S,0.374055985,0.625944015,,,,
910,Trometamol.cdx,S,0.162743316,0.837256684,,,,
911,Uracil.cdx,S,0.303163236,0.696836764,,,,
912,Primaquine diphosphate.cdx,S,0.31868508,0.68131492,,,,
913,Bemegride.cdx,S,0.162743316,0.837256684,,,,
914,Bergapten.cdx,S,0.423314391,0.576685609,,,,
915,Broxyquinoline.cdx,N,0.534289238,0.465710762,,,,
916,Cepharanthine.cdx,S,0.415777946,0.584222054,,,,
917,Deoxycorticosterone acetate.cdx,S,0.332275822,0.667724178,,,,
918,dirithromycin.cdx,S,0.443330124,0.556669876,,,,
919,domiphen bromide.cdx,S,0.287249067,0.712750933,,,,
920,Doxylamine succinate.cdx,S,0.354567614,0.645432386,,,,
921,Ethacridine lactate monohydrate.cdx,N,0.502096093,0.497903907,,,,
922,Florfenicol.cdx,N,0.561347818,0.438652182,,,,
923,Furaltadone HCl.cdx,S,0.392174263,0.607825737,,,,
924,Nicardipine hydrochloride.cdx,S,0.379922883,0.620077117,,,,
925,Phenazopyridine hydrochloride.cdx,S,0.326929355,0.673070645,,,,
926,Serotonin hydrochloride.cdx,N,0.832371003,0.167628997,,,,
927,sucralose.cdx,N,0.517096335,0.482903665,,,,
928,teriflunomide.cdx,S,0.472642878,0.527357122,,,,
929,Valnemulin HCl.cdx,N,0.566394271,0.433605729,,,,
930,cetrimonium bromide.cdx,S,0.214721598,0.785278402,,,,
931,Difluprednate.cdx,S,0.482312374,0.517687626,,,,
932,Diminazene aceturate.cdx,N,0.530037598,0.469962402,,,,
933,Droperidol.cdx,S,0.357993737,0.642006263,,,,
934,Eprosartan mesylate.cdx,S,0.461598531,0.538401469,,,,
935,Esmolol hydrochloride.cdx,S,0.265894543,0.734105457,,,,
936,Fenspiride hydrochloride.cdx,S,0.419462185,0.580537815,,,,
937,flumethasone.cdx,S,0.350641276,0.649358724,,,,
938,Halcinonide.cdx,S,0.423186439,0.576813561,,,,
939,halobetasol propionate .cdx,S,0.423433838,0.576566162,,,,
940,ifenprodil tartrate.cdx,N,0.704380571,0.295619429,,,,
941,levobetaxolol hydrochloride.cdx,S,0.407776633,0.592223367,,,,
942,lomerizine hydrochloride.cdx,S,0.470281634,0.529718366,,,,
943,loxapine succinate.cdx,S,0.414644919,0.585355081,,,,
944,Pramoxine hydrochloride.cdx,S,0.275086225,0.724913775,,,,
945,Vitamin A acetate.cdx,S,0.215051145,0.784948855,,,,
946,Voglibose.cdx,S,0.34962777,0.65037223,,,,
947,Azaperone.cdx,S,0.47885841,0.52114159,,,,
948,Benzbromarone .cdx,S,0.438536322,0.561463678,,,,
949,Benzethonium chloride.cdx,S,0.448950276,0.551049724,,,,
950,Benzocaine.cdx,S,0.264551991,0.735448009,,,,
951,Benzoic acid .cdx,S,0.154140303,0.845859697,,,,
952,Benzylpenicillin sodium.cdx,S,0.4543987,0.5456013,,,,
953,Bezafibrate .cdx,S,0.440817302,0.559182698,,,,
954,S4971 Buparvaquone.cdx,S,0.437070045,0.562929955,,,,
955,Chromocarb.cdx,N,0.508500732,0.491499268,,,,
956,Clofibric acid.cdx,S,0.2454139,0.7545861,,,,
957,Cysteamine HCl.cdx,S,0.162743316,0.837256684,,,,
958,Erythritol.cdx,S,0.162743316,0.837256684,,,,
959,fidaxomicin.cdx,S,0.463005758,0.536994242,,,,
960,Fluorometholone Acetate.cdx,S,0.423186439,0.576813561,,,,
961,Isosorbide.cdx,S,0.302902831,0.697097169,,,,
962,Liothyronine Sodium.cdx,N,0.716048211,0.283951789,,,,
963,mevastatin.cdx,S,0.293752199,0.706247801,,,,
964,Mexiletine Hydrochloride.cdx,S,0.162743316,0.837256684,,,,
965,Oxaprozin.cdx,S,0.401410672,0.598589328,,,,
966,Oxybuprocaine HCl.cdx,S,0.297597519,0.702402481,,,,
967,pheniramine maleate .cdx,S,0.155540241,0.844459759,,,,
968,Pilocarpine HCl.cdx,S,0.437482459,0.562517541,,,,
969,Piperacillin Sodium.cdx,S,0.433307671,0.566692329,,,,
970,Tolperisone HCl.cdx,S,0.122444038,0.877555962,,,,
971,Prucalopride succinat.cdx,S,0.342612563,0.657387437,,,,
972,Bromfenac sodium.cdx,S,0.275816608,0.724183392,,,,
973,Flopropione.cdx,S,0.321180581,0.678819419,,,,
974,S4246.cdx,N,0.516798411,0.483201589,,,,
975,Sulfamethoxypyridazine.cdx,S,0.240606434,0.759393566,,,,
976,Epinastine HCl.cdx,S,0.47913369,0.52086631,,,,
977,Latrepirdine.cdx,N,0.577024924,0.422975076,,,,
978,Bazedoxifene acetate.cdx,N,0.524151316,0.475848684,,,,
979,Daidzin.cdx,N,0.52007011,0.47992989,,,,
980,Verapamil HCl.cdx,N,0.907780647,0.092219353,,,,
981,VX-745.cdx,S,0.418566611,0.581433389,,,,
982,quinacrine dihydrochloride.cdx,S,0.45032213,0.54967787,,,,
983,oxethazaine.cdx,S,0.474728154,0.525271846,,,,
984,(S)-(+)-FLURBIPROFEN.cdx,S,0.292355048,0.707644952,,,,
985,Chlorpheniramine Maleate.cdx,S,0.182697106,0.817302894,,,,
986,Emtricitabine.cdx,S,0.139168282,0.860831718,,,,
987,Idoxuridine.cdx,S,0.426423618,0.573576382,,,,
988,Lubiprostone.cdx,S,0.251409783,0.748590217,,,,
989,Mitotane.cdx,S,0.174689103,0.825310897,,,,
990,Nisoldipine.cdx,S,0.37815423,0.62184577,,,,
991,METI-DERM (prednisolone).cdx,S,0.342749081,0.657250919,,,,
992,Rifabutin.cdx,S,0.462533022,0.537466978,,,,
993,Rifampin.cdx,S,0.420573767,0.579426233,,,,
994,Rifapentine.cdx,S,0.420573767,0.579426233,,,,
995,spironolactone.cdx,S,0.459263317,0.540736683,,,,
996,Taxifolin (Dihydroquercetin).cdx,S,0.497230429,0.502769571,,,,
997,Terbinafine.cdx,S,0.321809259,0.678190741,,,,
998,Alizapride hydrochloride.cdx,S,0.170092011,0.829907989,,,,
999,Brimonidine Tartrate.cdx,N,0.550413869,0.449586131,,,,
1000,Buspirone hydrochloride.cdx,N,0.554735187,0.445264813,,,,
1001,Diacerein.cdx,S,0.341131289,0.658868711,,,,
1002,RAPAFLO (silodosin).cdx,N,0.517757498,0.482242502,,,,
1003,Sofosbuvir(PSI-7977).cdx,S,0.379828218,0.620171782,,,,
1004,Efaproxiral sodium.cdx,N,0.691800808,0.308199192,,,,
1005,Etofibrate.cdx,S,0.275847204,0.724152796,,,,
1006,Flufenamic acid.cdx,S,0.329117375,0.670882625,,,,
1007,Luliconazole.cdx,S,0.420616118,0.579383882,,,,
1008,Nicaraven.cdx,S,0.490704274,0.509295726,,,,
1009,Tamibarotene.cdx,N,0.53878351,0.46121649,,,,
1010,Vilazodone Hydrochloride.cdx,N,0.509856549,0.490143451,,,,
1011,TELAPREVIR (VX-950).cdx,S,0.435766082,0.564233918,,,,
1012,Doxycycline hyclate.cdx,S,0.429694474,0.570305526,,,,
1013,LX1606.cdx,S,0.456342467,0.543657533,,,,
1014,Vinorelbine tartrate.cdx,S,0.446785174,0.553214826,,,,
1015,Oxiracetam.cdx,S,0.357186079,0.642813921,,,,
1016,Vincristine Sulfate.cdx,S,0.446785174,0.553214826,,,,
1017,Meclofenoxate HCl.cdx,S,0.2454139,0.7545861,,,,
1018,Ospemifene.cdx,S,0.497006166,0.502993834,,,,
1019,Nelfinavir mesylate .cdx,S,0.461050478,0.538949522,,,,
1020,Chloroprocaine hydrochloride.cdx,S,0.314049772,0.685950228,,,,
1021,Carteolol hydrochloride.cdx,S,0.344003237,0.655996763,,,,
1022,Demeclocycline hydrochloride.cdx,S,0.430133643,0.569866357,,,,
1023,Cyclobenzaprine HCl.cdx,S,0.40182042,0.59817958,,,,
1024,Anidulafungin.cdx,S,0.436483347,0.563516653,,,,
1025,Chloroambucil.cdx,S,0.344257264,0.655742736,,,,
1026,Bambuterol HCl.cdx,N,0.610326785,0.389673215,,,,
1027,Promethazine hydrochloride.cdx,N,0.764082992,0.235917008,,,,
1028,MetoclopraMide HCl.cdx,S,0.227500479,0.772499521,,,,
1029,Rotigotine.cdx,N,0.638237956,0.361762044,,,,
1030,Diphenidol hydrochloride.cdx,S,0.201486983,0.798513017,,,,
1031,Dicoumarol.cdx,N,0.687572296,0.312427704,,,,
1032,Procainamide hydrochloride.cdx,S,0.373432005,0.626567995,,,,
1033,Labetalol hydrochloride.cdx,N,0.534772665,0.465227335,,,,
1034,Meclofenamate sodium.cdx,S,0.284406979,0.715593021,,,,
1035,Mefloquine hydrochloride.cdx,S,0.479204124,0.520795876,,,,
1036,Aliskiren hemifumarate.cdx,N,0.600612479,0.399387521,,,,
1037,Bepotastine besilate.cdx,S,0.374046598,0.625953402,,,,
1038,BIBW2992 (Afatinib).cdx,S,0.437759378,0.562240622,,,,
1039,Daptomycin.cdx,N,0.515674471,0.484325529,,,,
1040,Doripenem Hydrate.cdx,S,0.253028376,0.746971624,,,,
1041,Fosaprepitant dimeglumine.cdx,S,0.465476272,0.534523728,,,,
1042,Nebivolol HCl (R-067555).cdx,S,0.303929821,0.696070179,,,,
1043,PROGRAF (tacrolimus).cdx,S,0.27305698,0.72694302,,,,
1044,Rosuvastatin calcium.cdx,S,0.388946254,0.611053746,,,,
1045,R-Ruxolitinib.cdx,S,0.366134648,0.633865352,,,,
1046,Temsirolimus.cdx,S,0.296499417,0.703500583,,,,
1047,Mupirocin .cdx,S,0.317354085,0.682645915,,,,
1048,Salmeterol xinafoate.cdx,N,0.797856687,0.202143313,,,,
1049,Disopyramide Phosphate.cdx,S,0.389000404,0.610999596,,,,
1050,levobupivacaine hydrochloride.cdx,S,0.423255822,0.576744178,,,,
1051,Ketorolac.cdx,S,0.367947657,0.632052343,,,,
1052,ACILAC (lactulose).cdx,N,0.626315019,0.373684981,,,,
1053,PF-2341066.cdx,S,0.315831114,0.684168886,,,,
1054,Eltrombopag diethanolamine salt.cdx,S,0.493724346,0.506275654,,,,
1055,Eltrombopag (Promacta).cdx,S,0.493724346,0.506275654,,,,
1056,S4002.cdx,S,0.420167623,0.579832377,,,,
1057,S3027.cdx,N,0.896244312,0.103755688,,,,
1058,S4059.cdx,S,0.162743316,0.837256684,,,,
1059,Sertaconazole nitrate.cdx,N,0.501377216,0.498622784,,,,
1060,S4503.cdx,S,0.176335206,0.823664794,,,,
1061,Gossypol-a ceticacid.cdx,S,0.415984563,0.584015437,,,,
1062,6-Mercaptopurine monohydrate.cdx,S,0.442485466,0.557514534,,,,
1063,Nolvadex (Tamoxifen Citrate).cdx,S,0.305300117,0.694699883,,,,
1064,Vinblastine sulfate.cdx,S,0.446785174,0.553214826,,,,
1065,Acetazolamide.cdx,S,0.13445278,0.86554722,,,,
1066,17-Hydroxyprogesterone.cdx,S,0.182657463,0.817342537,,,,
1067,Chloroxylenol.cdx,S,0.352361071,0.647638929,,,,
1068,Cefotaxime sodium.cdx,S,0.421444096,0.578555904,,,,
1069,4-Aminobenzoic acid.cdx,S,0.264551991,0.735448009,,,,
1070,Fenofibric acid.cdx,S,0.268316836,0.731683164,,,,
1071,Fenbufen.cdx,S,0.144301421,0.855698579,,,,
1072,Pentamidine isethionate.cdx,S,0.358775668,0.641224332,,,,
1073,Esomeprazole sodium.cdx,S,0.433985717,0.566014283,,,,
1074,NEXIUM (esomeprazole magnesium).cdx,S,0.401612631,0.598387369,,,,
1075,i-Inositol.cdx,S,0.162743316,0.837256684,,,,
1076,Furazolidone.cdx,S,0.379904424,0.620095576,,,,
1077,4-Aminoantipyrine.cdx,S,0.414060596,0.585939404,,,,
1078,Ethylparaben.cdx,S,0.365240366,0.634759634,,,,
1079,Iopamidol.cdx,S,0.329517168,0.670482832,,,,
1080,Nitrofurantoin.cdx,S,0.40817636,0.59182364,,,,
1081,Dehydroacetic acid.cdx,S,0.431737989,0.568262011,,,,
1082,Acetylleucine.cdx,S,0.162743316,0.837256684,,,,
1083,Aceglutamide.cdx,S,0.410904979,0.589095021,,,,
1084,Bithionol.cdx,S,0.351424499,0.648575501,,,,
1085,Aminoguanidine (hydrochloride).cdx,S,0.198906527,0.801093473,,,,
1086,Diethylcarbamazine (citrate).cdx,S,0.162743316,0.837256684,,,,
1087,Danthron.cdx,S,0.413441195,0.586558805,,,,
1088,Trihexyphenidyl (hydrochloride).cdx,S,0.194011178,0.805988822,,,,
1089,Trimetazidine (dihydrochloride).cdx,N,0.588289821,0.411710179,,,,
1090,Pantoprazole sodium.cdx,N,0.551812306,0.448187694,,,,
1091,Salicylic acid.cdx,S,0.315630411,0.684369589,,,,
1092,Methylene Blue.cdx,S,0.449773655,0.550226345,,,,
1093,S4571 Hexylresorcinol.cdx,S,0.347174296,0.652825704,,,,
1094,AUTOGEN_FDA_BMM_1094,S,0.356079457,0.643920543,,,,
1095,S4566 DL-Panthenol.cdx,S,0.176335206,0.823664794,,,,
1096,S4565 Diiodohydroxyquinoline.cdx,N,0.639195541,0.360804459,,,,
1097,S4559 Cloxiquine.cdx,S,0.420839677,0.579160323,,,,
1098,S4558 Citiolone.cdx,S,0.347174296,0.652825704,,,,
1099,S4556 Carzenide.cdx,S,0.248713964,0.751286036,,,,
1100,S4553 Bronopol.cdx,S,0.162743316,0.837256684,,,,
1101,S4516 (+)-Camphor.cdx,S,0.251409783,0.748590217,,,,
1102,S4594 Cephalothin.cdx,S,0.485536645,0.514463355,,,,
1103,S4593 Chlormadinone acetate.cdx,S,0.286155707,0.713844293,,,,
1104,Terpin (hydrate).cdx,S,0.251409783,0.748590217,,,,
1105,Xylitol.cdx,S,0.162743316,0.837256684,,,,
1106,Urethane.cdx,S,0.162743316,0.837256684,,,,
1107,S4597 Lercanidipine (hydrochloride).cdx,S,0.376386136,0.623613864,,,,
1108,S4596 Cefixime.cdx,S,0.41680416,0.58319584,,,,
1109,S4595 Cefazolin (sodium).cdx,S,0.447733537,0.552266463,,,,
1110,S4591 Nitroxoline.cdx,N,0.656175668,0.343824332,,,,
1111,S4587 Dithranol.cdx,S,0.358310845,0.641689155,,,,
1112,S4585 Succinylsulfathiazole.cdx,S,0.450735584,0.549264416,,,,
1113,S4584 Butylparaben.cdx,S,0.365240366,0.634759634,,,,
1114,S4583 Butamben.cdx,S,0.264551991,0.735448009,,,,
1115,S4576 Sulfabenzamide.cdx,S,0.336155208,0.663844792,,,,
1116,Cefuroxime sodium.cdx,S,0.38148715,0.61851285,,,,
1117,S4619 Itopride hydrochloride.cdx,S,0.298001432,0.701998568,,,,
1118,AUTOGEN_FDA_BMM_1118,S,0.414962449,0.585037551,,,,
1119,S4625 Alcaftadine.cdx,S,0.458182354,0.541817646,,,,
1120,S4630 Diazoxide.cdx,S,0.322003685,0.677996315,,,,
1121,S4629 Chlorotrianisene.cdx,S,0.305300117,0.694699883,,,,
1122,S4628 (+-)-Sulfinpyrazone.cdx,S,0.4791998,0.5208002,,,,
1123,S4626 ETHOSUXIMIDE.cdx,S,0.358089343,0.641910657,,,,
1124,S4618 Fenoldopam (mesylate).cdx,S,0.444555762,0.555444238,,,,
1125,S4640 Lesinurad.cdx,N,0.549198301,0.450801699,,,,
1126,AUTOGEN_FDA_BMM_1126,S,0.40182042,0.59817958,,,,
1127,S4612 Dapson.cdx,S,0.243069393,0.756930607,,,,
1128,S4610 Mebendazole.cdx,S,0.46213081,0.53786919,,,,
1129,S4604 Levofloxacin hydrate.cdx,S,0.397346705,0.602653295,,,,
1130,S4603 Gallic acid.cdx,S,0.329885796,0.670114204,,,,
1131,S4609 Diflunisal.cdx,S,0.395008357,0.604991643,,,,
1132,S4638 Desogestrel.cdx,S,0.160875242,0.839124758,,,,
1133,S4633 Isosorbide Mononitrate.cdx,S,0.492941075,0.507058925,,,,
1134,S4656 Parecoxib.cdx,S,0.412200006,0.587799994,,,,
1135,S4652 Sulisobenzone.cdx,S,0.352444067,0.647555933,,,,
1136,S4647 Cefmenoxime hydrochloride.cdx,S,0.349431613,0.650568387,,,,
1137,S4588 Docusate (Sodium).cdx,N,0.619434848,0.380565152,,,,
1138,S4657 Eslicarbazepine Acetate.cdx,S,0.371429167,0.628570833,,,,
1139,S4650 Atipamezole.cdx,N,0.604284542,0.395715458,,,,
1140,S4649 Atipamezole hydrochloride.cdx,N,0.593658603,0.406341397,,,,
1141,S4624 Methylbenactyzine Bromide.cdx,S,0.229278131,0.770721869,,,,
1142,S4641 Tedizolid Phosphate.cdx,S,0.480613363,0.519386637,,,,
1143,S4634 SULFADIAZINE SODIUM.cdx,S,0.418988106,0.581011894,,,,
1144,S4602 Acetohydroxamic acid.cdx,S,0.162743316,0.837256684,,,,
1145,Triclosan.cdx,S,0.325685078,0.674314922,,,,
1146,S4562 Dehydrocholic acid.cdx,S,0.251409783,0.748590217,,,,
1147,S4550 Azelaic acid.cdx,S,0.251409783,0.748590217,,,,
1148,"S4607 2,2¡ä-Dihydroxy-4-methoxybenzophenone.cdx",S,0.296984191,0.703015809,,,,
1149,S4679 Terazosin.cdx,N,0.563390369,0.436609631,,,,
1150,S4674 Hydroxyprogesterone caproate.cdx,S,0.332275822,0.667724178,,,,
1151,S4683 Sildenafil Mesylate.cdx,S,0.434139405,0.565860595,,,,
1152,S4693 Guanfacine Hydrochloride.cdx,S,0.353573052,0.646426948,,,,
1153,S4691 Oxybenzone.cdx,S,0.296984191,0.703015809,,,,
1154,AUTOGEN_FDA_BMM_1154,N,0.620998341,0.379001659,,,,
1155,S4664 Molsidomine.cdx,S,0.414997152,0.585002848,,,,
1156,S4661 Tiagabine (hydrochloride).cdx,S,0.406671937,0.593328063,,,,
1157,S4660 Glycopyrrolate.cdx,N,0.54366928,0.45633072,,,,
1158,S4658 Hydroquinidine.cdx,N,0.620664704,0.379335296,,,,
1159,S4655 Sulpiride.cdx,S,0.204139617,0.795860383,,,,
1160,S4651 Etoricoxib.cdx,S,0.376796555,0.623203445,,,,
1161,AUTOGEN_FDA_BMM_1161,N,0.511678782,0.488321218,,,,
1162,S4646 Ciclesonide.cdx,S,0.406773196,0.593226804,,,,
1163,S4637 Prasugrel Hydrochloride.cdx,N,0.594960229,0.405039771,,,,
1164,s4515 Ademetionine Ademetionine disulfate tosylate.cdx,S,0.425900535,0.574099465,,,,
1165,S4682 Loxoprofen.cdx,S,0.16431757,0.83568243,,,,
1166,S4665 Rebeprazole sodium.cdx,N,0.521598433,0.478401567,,,,
1167,S4663 Fusidate Sodium.cdx,S,0.349701672,0.650298328,,,,
1168,S4601 5-Chloro-8-hydroxy-7-iodoquinoline.cdx,S,0.428890719,0.571109281,,,,
1169,S4685 Efavirenz.cdx,S,0.423133948,0.576866052,,,,
1170,S4696 ArbinoxaMine Maleate.cdx,S,0.268939803,0.731060197,,,,
1171,S4669 Benzocaine hydrochloride.cdx,S,0.264551991,0.735448009,,,,
1172,S4667 Lidocaine hydrochloride.cdx,S,0.423549545,0.576450455,,,,
1173,XENAZINE (tetrabenazine).cdx,N,0.892355542,0.107644458,,,,
1174,S4689 Deoxycholic acid.cdx,S,0.251409783,0.748590217,,,,
1175,S4697 Saxagliptin hydrate.cdx,S,0.36391513,0.63608487,,,,
1176,S4636 Teneligliptin hydrobromide.cdx,S,0.467369632,0.532630368,,,,
1177,Atazanavir.cdx,S,0.482952698,0.517047302,,,,
1178,Tazobactam.cdx,S,0.380106517,0.619893483,,,,
1179,S4673 Etonogestrel.cdx,S,0.160875242,0.839124758,,,,
1180,S4686 Escin.cdx,S,0.243082773,0.756917227,,,,
1181,S4727 Cinnarizine.cdx,S,0.385816252,0.614183748,,,,
1182,S4716 Evans Blue.cdx,S,0.378249768,0.621750232,,,,
1183,S4711 Esculetin.cdx,N,0.763709438,0.236290562,,,,
1184,S4717 Isatin.cdx,S,0.397054365,0.602945635,,,,
1185,S4718 Acetylcholine iodide.cdx,S,0.162743316,0.837256684,,,,
1186,S4714 (-)-Menthol.cdx,S,0.251409783,0.748590217,,,,
1187,TEGISON (etretinate).cdx,S,0.439400459,0.560599541,,,,
1188,S4726 Lauric Acid.cdx,S,0.251409783,0.748590217,,,,
1189,S4725 Benzenesulfonamide.cdx,S,0.162743316,0.837256684,,,,
1190,Pantoprazole.cdx,N,0.520008457,0.479991543,,,,
1191,S4701 2-Deoxy-D-glucose.cdx,N,0.896244312,0.103755688,,,,
1192,S4723 (-)Epicatechin.cdx,N,0.571682455,0.428317545,,,,
1193,PERPHENAZINE (perphenazine).cdx,S,0.384776006,0.615223994,,,,
1194,Prochlorperazine dimaleate salt.cdx,S,0.384776006,0.615223994,,,,
1195,MK4827.cdx,N,0.550202332,0.449797668,,,,
1196,S4735 Salvianolic acid B.cdx,S,0.465322693,0.534677307,,,,
1197,S4734 Retigabine 2HCl.cdx,S,0.432341748,0.567658252,,,,
1198,S4733 Retigabine.cdx,S,0.432341748,0.567658252,,,,
1199,S4736 Trapidil.cdx,S,0.437626,0.562374,,,,
1200,S4737 Psoralen.cdx,N,0.560620172,0.439379828,,,,
1201,S4750 Sulfacetamide sodium salt hydrate.cdx,S,0.249024767,0.750975233,,,,
1202,S4749 Citalopram HBr.cdx,S,0.438381874,0.561618126,,,,
1203,S4748 Ondansetron HCl.cdx,S,0.459645004,0.540354996,,,,
1204,S4752 Corticosterone.cdx,S,0.342749081,0.657250919,,,,
1205,S4751 Cisapride.cdx,S,0.377266351,0.622733649,,,,
1206,Imidapril hydrochloride.cdx,S,0.383997213,0.616002787,,,,
1207,S4678 Povidone iodine.cdx,S,0.358089343,0.641910657,,,,
1208,Azatadine dimaleate.cdx,S,0.261349654,0.738650346,,,,
1209,S1499 Cefaclor.cdx,N,0.537981519,0.462018481,,,,
1210,S4753  Ganoderic acid A.cdx,S,0.215135267,0.784864733,,,,
1211,Stavudine.cdx,S,0.37677743,0.62322257,,,,
1212,S3609 Berbamine (dihydrochloride).cdx,N,0.507402575,0.492597425,,,,
1213,S3612 Rosmarinic acid.cdx,N,0.537776983,0.462223017,,,,
1214,S3618 Acetylspiramycin.cdx,S,0.349426918,0.650573082,,,,
1215,S3606 Fangchinoline.cdx,S,0.457289726,0.542710274,,,,
1216,S3692 N-Ethylmaleimide.cdx,S,0.22058873,0.77941127,,,,
1217,S3697 Mafenide hydrochloride.cdx,S,0.348468564,0.651531436,,,,
1218,S3698 Nortriptyline (hydrochloride).cdx,S,0.375846079,0.624153921,,,,
1219,S3701 Benactyzine hydrochloride.cdx,S,0.229278131,0.770721869,,,,
1220,S3687 Urea.cdx,S,0.162743316,0.837256684,,,,
1221,S3616 Asiaticoside.cdx,S,0.331675065,0.668324935,,,,
1222,S3622 Diammonium Glycyrrhizinate.cdx,S,0.243082773,0.756917227,,,,
1223,S3611 (+)-Fangchinoline.cdx,S,0.457289726,0.542710274,,,,
1224,S3615 Dehydrocostus Lactone.cdx,S,0.234303148,0.765696852,,,,
1225,S3621 Pazufloxacin (mesylate).cdx,S,0.394823464,0.605176536,,,,
1226,S3625 Tyramine.cdx,S,0.347174296,0.652825704,,,,
1227,S3627 Tryptamine.cdx,N,0.832371003,0.167628997,,,,
1228,S3684 Methacholine chloride.cdx,S,0.162743316,0.837256684,,,,
1229,S3704 4-Methylbenzylidene camphor.cdx,S,0.402868558,0.597131442,,,,
1230,S3732 Avibactam sodium.cdx,S,0.329846252,0.670153748,,,,
1231,S3645 Kitasamycin.cdx,S,0.330285848,0.669714152,,,,
1232,S3675 Umbelliferone.cdx,N,0.729685773,0.270314227,,,,
1233,S3676 Carbendazim.cdx,N,0.515951035,0.484048965,,,,
1234,S3677 Cinnamic acid.cdx,N,0.673586147,0.326413853,,,,
1235,S3668 Thymopentin.cdx,N,0.627016521,0.372983479,,,,
1236,S3672 Cefonicid (sodium).cdx,S,0.399321057,0.600678943,,,,
1237,S3674 Levamlodipine.cdx,S,0.409581103,0.590418897,,,,
1238,S3120 Doxepin hydrochloride.cdx,S,0.490592851,0.509407149,,,,
1239,S3690 Pargyline (hydrochloride).cdx,S,0.162743316,0.837256684,,,,
1240,"S3693 2,6-Dihydroxypurine.cdx",N,0.575104342,0.424895658,,,,
1241,S3713 Moxidectin.cdx,S,0.411740572,0.588259428,,,,
1242,S3671 Quinestrol.cdx,N,0.747315093,0.252684907,,,,
1243,Iopromide.cdx,S,0.341049877,0.658950123,,,,
1244,S3726 Selexipag.cdx,N,0.534582115,0.465417885,,,,
1245,S3728 Grazoprevir.cdx,S,0.464168554,0.535831446,,,,
1246,S3731 Tipiracil hydrochloride.cdx,S,0.468074493,0.531925507,,,,
1247,S3635 Medroxyprogesterone.cdx,S,0.182657463,0.817342537,,,,
1248,S3637 Cefpirome (sulfate).cdx,S,0.296637806,0.703362194,,,,
1249,S3638 Cefamandole (nafate).cdx,S,0.423786918,0.576213082,,,,
1250,S3640 Methoxyphenamine (Hydrochloride).cdx,S,0.382630485,0.617369515,,,,
1251,S3641 Osalmid.cdx,S,0.424109453,0.575890547,,,,
1252,S3644 Sulfamonomethoxine.cdx,S,0.441575543,0.558424457,,,,
1253,S3647 Mafenide (Acetate).cdx,S,0.348468564,0.651531436,,,,
1254,S3648 Amlexanox.cdx,S,0.253218867,0.746781133,,,,
1255,S3727 Vilanterol Trifenate.cdx,S,0.473890224,0.526109776,,,,
1256,S3655 Cefepime (Dihydrochloride Monohydrate).cdx,S,0.30748883,0.69251117,,,,
1257,S3656 Piribedil.cdx,S,0.466318984,0.533681016,,,,
1258,S3657 Promestriene.cdx,N,0.762561457,0.237438543,,,,
1259,S3659 Fludrocortisone (acetate).cdx,S,0.423186439,0.576813561,,,,
1260,S3663 Afloqualone.cdx,N,0.558395266,0.441604734,,,,
1261,S3673 Sulfaphenazole.cdx,S,0.392177332,0.607822668,,,,
1262,S3742 Cholic acid.cdx,S,0.251409783,0.748590217,,,,
1263,S3711 Carbasalate Calcium.cdx,S,0.280895437,0.719104563,,,,
1264,S3705 Chlorobutanol.cdx,S,0.162743316,0.837256684,,,,
1265,S3714 Lifitegrast.cdx,S,0.452343746,0.547656254,,,,
1266,S3719 Topiroxostat.cdx,S,0.448564111,0.551435889,,,,
1267,S3720 Elafibranor.cdx,N,0.728367109,0.271632891,,,,
1268,S3722 Isavuconazole.cdx,S,0.419865077,0.580134923,,,,
1269,S3723 Ramosetron  Hydrochloride.cdx,S,0.485381905,0.514618095,,,,
1270,S3724 Velpatasvir.cdx,S,0.455962921,0.544037079,,,,
1271,S3735 Umeclidinium bromide.cdx,S,0.228902124,0.771097876,,,,
1272,S3745 Balsalazide disodium.cdx,S,0.429719291,0.570280709,,,,
1273,S3746 Lumefantrine.cdx,S,0.373731085,0.626268915,,,,
1274,S3689 Ethidium bromide.cdx,S,0.468785562,0.531214438,,,,
1275,S3706 Sarpogrelate hydrochloride.cdx,N,0.573362032,0.426637968,,,,
1276,S3707 Ethopabate.cdx,S,0.27218995,0.72781005,,,,
1277,S3708 Sulfachloropyridazine.cdx,S,0.280754604,0.719245396,,,,
1278,S3709 Furagin.cdx,S,0.443128636,0.556871364,,,,
1279,S3716 Flibanserin.cdx,S,0.442879524,0.557120476,,,,
1280,S3739 Calcipotriene.cdx,S,0.30485084,0.69514916,,,,
1281,S3694 Glucosamine (hydrochloride).cdx,S,0.491601156,0.508398844,,,,
1282,Boceprevir (SCH 503034).cdx,S,0.212468671,0.787531329,,,,
1283,S3750 Sodium benzoate.cdx,S,0.154140303,0.845859697,,,,
1284,S3730 Metaxalone.cdx,S,0.415049312,0.584950688,,,,
1285,S3747 Levothyroxine sodium.cdx,N,0.716048211,0.283951789,,,,
1286,S3729 Iron sucrose.cdx,S,0.162743316,0.837256684,,,,
1287,Rotenone.cdx,N,0.52853982,0.47146018,,,,
1288,S3639 Tacrine hydrochloride hydrate.cdx,S,0.493546002,0.506453998,,,,
1289,S3751 Quinidine sulfate.cdx,N,0.680937752,0.319062248,,,,
1290,S3741 Benznidazole.cdx,S,0.453284515,0.546715485,,,,
1291,Colchicine.cdx,S,0.457143385,0.542856615,,,,
1292,Cinchonine.cdx,N,0.619968298,0.380031702,,,,
1293,S3666 Ilaprazole.cdx,S,0.489392551,0.510607449,,,,
1294,S3643 Amitraz.cdx,S,0.394376882,0.605623118,,,,
1295,S4759 p-Coumaric Acid.cdx,N,0.729685773,0.270314227,,,,
1296,S3654 Tauroursodeoxycholic Acid.cdx,S,0.287249067,0.712750933,,,,
1297,S3983 Caryophyllene oxide.cdx,S,0.318428121,0.681571879,,,,
1298,S3984 Nordihydroguaiaretic acid.cdx,N,0.51118757,0.48881243,,,,
1299,S3959 (+)-Borneol.cdx,S,0.251409783,0.748590217,,,,
1300,S3956 Tetramethylpyrazine.cdx,N,0.684274107,0.315725893,,,,
1301,S3817 Harmine hydrochloride.cdx,N,0.617388479,0.382611521,,,,
1302,S3824 Quercitrin.cdx,N,0.535060588,0.464939412,,,,
1303,S3835 Loganin.cdx,S,0.387585622,0.612414378,,,,
1304,S3842 Isoquercitrin.cdx,N,0.535060588,0.464939412,,,,
1305,S3957 Gamma-Oryzanol.cdx,N,0.516529816,0.483470184,,,,
1306,S3968 Histamine.cdx,N,0.516798411,0.483201589,,,,
1307,S3766 Tanshinone IIA sulfonate (sodium).cdx,N,0.546771927,0.453228073,,,,
1308,S3769 Palmatine.cdx,S,0.49476217,0.50523783,,,,
1309,S3773 Tyrosol.cdx,S,0.347174296,0.652825704,,,,
1310,S3774 Dehydroandrographolide Succinate Potasium Salt.cdx,S,0.351890979,0.648109021,,,,
1311,S3775 Ligustrazine hydrochloride.cdx,N,0.684274107,0.315725893,,,,
1312,Lappaconitine.cdx,S,0.408575145,0.591424855,,,,
1313,S3759 Norcantharidin.cdx,N,0.626315019,0.373684981,,,,
1314,S3914 ¦�?-Hederin.cdx,S,0.29610002,0.70389998,,,,
1315,S3758 Sinomenine hydrochloride.cdx,S,0.453891842,0.546108158,,,,
1316,S3783 Echinacoside.cdx,N,0.509170423,0.490829577,,,,
1317,S3930 Liquiritin.cdx,N,0.541562907,0.458437093,,,,
1318,S3754 4-Hydroxybenzoic acid.cdx,S,0.329885796,0.670114204,,,,
1319,S3846 Eupatilin.cdx,S,0.451038178,0.548961822,,,,
1320,S3945 L-Cycloserine.cdx,S,0.134597949,0.865402051,,,,
1321,S3979 Zinc Undecylenate.cdx,S,0.214721598,0.785278402,,,,
1322,S3811 Ginsenoside Re.cdx,S,0.312580711,0.687419289,,,,
1323,S3812 Monocrotaline.cdx,S,0.333655143,0.666344857,,,,
1324,S3885 Pyrogallol.cdx,S,0.347174296,0.652825704,,,,
1325,S3887 L-Rhamnose monohydrate.cdx,N,0.84631371,0.15368629,,,,
1326,S3889 Arteether.cdx,S,0.287135296,0.712864704,,,,
1327,S3892 Isopsoralen.cdx,N,0.559706049,0.440293951,,,,
1328,S3881 Scopoletin.cdx,N,0.734122753,0.265877247,,,,
1329,S3883 Protopine.cdx,S,0.41009517,0.58990483,,,,
1330,S3802 Trigonelline Hydrochloride.cdx,S,0.212988654,0.787011346,,,,
1331,S3807 Dehydroandrographolide.cdx,S,0.184191218,0.815808782,,,,
1332,S3809 Imperatorin.cdx,N,0.648448681,0.351551319,,,,
1333,S3847 Panaxatriol.cdx,N,0.578332035,0.421667965,,,,
1334,S3919 Hederacoside C.cdx,S,0.331675065,0.668324935,,,,
1335,S3901 Astragaloside IV.cdx,S,0.411086184,0.588913816,,,,
1336,S3781 Ginkgolide C.cdx,N,0.574163788,0.425836212,,,,
1337,S3791 Succinic acid.cdx,S,0.162743316,0.837256684,,,,
1338,S3794 Palmitic acid.cdx,S,0.251409783,0.748590217,,,,
1339,S3797 Helicide.cdx,S,0.491477475,0.508522525,,,,
1340,S3799 Gentisic acid.cdx,S,0.315630411,0.684369589,,,,
1341,AUTOGEN_FDA_BMM_1341,S,0.199246877,0.800753123,,,,
1342,S4754 Betulin.cdx,S,0.190581984,0.809418016,,,,
1343,S3925 (-)-Epicatechin gallate.cdx,S,0.458693853,0.541306147,,,,
1344,S3926 Forsythin.cdx,N,0.664819062,0.335180938,,,,
1345,S3927 Swertiamarin.cdx,S,0.409649934,0.590350066,,,,
1346,S4797 Nicergoline.cdx,S,0.473018205,0.526981795,,,,
1347,LDK378.cdx,S,0.435624704,0.564375296,,,,
1348,LY2835219.cdx,S,0.475851286,0.524148714,,,,
1349,GZD824.cdx,N,0.507948169,0.492051831,,,,
1350,S3982 Batyl alcohol.cdx,N,0.626315019,0.373684981,,,,
1351,S3872 Guaiacol.cdx,S,0.347174296,0.652825704,,,,
1352,S3907 Bulleyaconi cine A.cdx,S,0.209662055,0.790337945,,,,
1353,S3909 Catalpol.cdx,S,0.408424355,0.591575645,,,,
1354,S3923 Ginsenoside Rg1.cdx,S,0.312580711,0.687419289,,,,
1355,S3924 Ginsenoside Rb1.cdx,S,0.312580711,0.687419289,,,,
1356,S3865 Taurochenodeoxycholic acid.cdx,S,0.287249067,0.712750933,,,,
1357,S3866 Galanthamine.cdx,S,0.095670606,0.904329394,,,,
1358,S3868 Harmine.cdx,N,0.617388479,0.382611521,,,,
1359,S3870 D-Pinitol.cdx,S,0.162743316,0.837256684,,,,
1360,S3849 D-Galactose.cdx,N,0.84631371,0.15368629,,,,
1361,S3850 Glucosamine sulfate.cdx,S,0.134597949,0.865402051,,,,
1362,S3851 Camphor.cdx,S,0.251409783,0.748590217,,,,
1363,S3854 Tetrahydropalmatine hydrochloride.cdx,N,0.514838489,0.485161511,,,,
1364,S3856 Allantoin.cdx,S,0.279039244,0.720960756,,,,
1365,S3858 Lawsone.cdx,N,0.528736694,0.471263306,,,,
1366,S3895 Sophoridine.cdx,S,0.214721598,0.785278402,,,,
1367,S3898 Hydroxy Camptothecine.cdx,S,0.39237434,0.60762566,,,,
1368,S3899 Hederagenin.cdx,S,0.141908448,0.858091552,,,,
1369,S3876 Indigo.cdx,S,0.493658512,0.506341488,,,,
1370,S4789 5-Acetylsalicylic acid.cdx,S,0.329885796,0.670114204,,,,
1371,S4779 Menadiol Diacetate.cdx,N,0.87785079,0.12214921,,,,
1372,S4783 Benzyl isothiocyanate.cdx,S,0.162743316,0.837256684,,,,
1373,S4769 L-5-Hydroxytryptophan.cdx,N,0.832371003,0.167628997,,,,
1374,S4772 alpha-Asarone.cdx,S,0.451120535,0.548879465,,,,
1375,S4803 Thymidine.cdx,S,0.400103375,0.599896625,,,,
1376,S4768 Melibiose.cdx,N,0.626315019,0.373684981,,,,
1377,S3950 Maltitol.cdx,N,0.626315019,0.373684981,,,,
1378,S3951 Tannic acid.cdx,N,0.530732906,0.469267094,,,,
1379,S3967 Flavone.cdx,S,0.477384279,0.522615721,,,,
1380,S3975 Protocatechuic acid.cdx,S,0.329885796,0.670114204,,,,
1381,S3977 (-)-Borneol.cdx,S,0.251409783,0.748590217,,,,
1382,S3980 Pyridoxine.cdx,S,0.327168236,0.672831764,,,,
1383,CEFTIN (cefuroxime axetil).cdx,S,0.38148715,0.61851285,,,,
1384,S4843 Potassium acetate.cdx,S,0.174125148,0.825874852,,,,
1385,S4844 Cefcapene Pivoxil Hydrochloride.cdx,S,0.418908988,0.581091012,,,,
1386,S5005 Cefotiam hydrochloride.cdx,S,0.367212499,0.632787501,,,,
1387,S5009 Brivudine.cdx,S,0.400103375,0.599896625,,,,
1388,S3985 Methyl 4-hydroxybenzoate.cdx,S,0.365240366,0.634759634,,,,
1389,S3986 L(+)-Arabinose.cdx,S,0.491734139,0.508265861,,,,
1390,S3987 L-Tryptophan.cdx,N,0.832371003,0.167628997,,,,
1391,S3988 Theophylline-7-acetic acid.cdx,S,0.433576389,0.566423611,,,,
1392,S3990 Trans-Anethole.cdx,S,0.340174302,0.659825698,,,,
1393,S3992 D-(+)-Trehalose dihydrate.cdx,N,0.626315019,0.373684981,,,,
1394,S3995 Guaiazulene.cdx,S,0.351720921,0.648279079,,,,
1395,S3996 Thioctic acid.cdx,S,0.407796852,0.592203148,,,,
1396,S3997 Oxaceprol.cdx,S,0.323559634,0.676440366,,,,
1397,S3998 Lipoic acid.cdx,S,0.407796852,0.592203148,,,,
1398,S3999 ¦�?-santonin.cdx,S,0.349701672,0.650298328,,,,
1399,S4812 Ceftizoxime.cdx,S,0.401850379,0.598149621,,,,
1400,S4817 Atenolol.cdx,S,0.342130557,0.657869443,,,,
1401,S4838 Acotiamide hydrochloride.cdx,S,0.380750673,0.619249327,,,,
1402,S4854 Bedaquiline fumarate.cdx,S,0.428522712,0.571477288,,,,
1403,S4935 Asunaprevir.cdx,S,0.423979441,0.576020559,,,,
1404,S5007 Delamanid.cdx,S,0.419000297,0.580999703,,,,
1405,S5015 Simeprevir.cdx,S,0.467439465,0.532560535,,,,
1406,S4978 Azathramycin.cdx,S,0.321514176,0.678485824,,,,
1407,S4980 Anamorelin.cdx,N,0.655695262,0.344304738,,,,
1408,S3074 Chlortalidone.cdx,S,0.365214202,0.634785798,,,,
1409,S3843 Madecassoside.cdx,S,0.281158123,0.718841877,,,,
1410,S4867 Propacetamol hydrochloride.cdx,N,0.5881122,0.4118878,,,,
1411,S4896 Elagolix Sodium.cdx,S,0.392748702,0.607251298,,,,
1412,S4988 Tiamulin fumarate.cdx,N,0.566394271,0.433605729,,,,
1413,S5023 Nadolol.cdx,S,0.427574613,0.572425387,,,,
1414,S3776 Sophoricoside.cdx,S,0.467452627,0.532547373,,,,
1415,S4834 Propantheline bromide.cdx,S,0.287059208,0.712940792,,,,
1416,S4877 Eperisone hydrochloride.cdx,S,0.122444038,0.877555962,,,,
1417,S4878 Neticonazole Hydrochloride.cdx,S,0.499303048,0.500696952,,,,
1418,S4991 Valpromide.cdx,S,0.162743316,0.837256684,,,,
1419,S4994 Methylcobalamin.cdx,S,0.440045404,0.559954596,,,,
1420,S4836 Nilutamide.cdx,S,0.311447105,0.688552895,,,,
1421,S4837 Ibudilast.cdx,S,0.238582284,0.761417716,,,,
1422,S4848 Dalbavancin.cdx,S,0.397225844,0.602774156,,,,
1423,S4852 Gadopentetate Dimeglumine.cdx,S,0.095124423,0.904875577,,,,
1424,S4856 Iproniazid.cdx,S,0.154011246,0.845988754,,,,
1425,S4931 Propiverine hydrochloride.cdx,S,0.358497779,0.641502221,,,,
1426,S4932 Proxyphylline.cdx,S,0.416287821,0.583712179,,,,
1427,S5006 Teprenone.cdx,S,0.164373604,0.835626396,,,,
1428,S5012 Octenidine Dihydrochloride.cdx,S,0.238462273,0.761537727,,,,
1429,S5013 Ioversol.cdx,S,0.271384022,0.728615978,,,,
1430,S5014 Crisaborole (AN2728).cdx,N,0.660141596,0.339858404,,,,
1431,S4849 Levocetirizine Dihydrochloride.cdx,S,0.174689103,0.825310897,,,,
1432,S4859 TriacetonaMine.cdx,S,0.162743316,0.837256684,,,,
1433,S4868 Xanthinol Nicotinate.cdx,S,0.413239366,0.586760634,,,,
1434,S4869 Sulfamethoxazole sodium.cdx,S,0.241031245,0.758968755,,,,
1435,S4876 Robenidine Hydrochoride.cdx,S,0.275364983,0.724635017,,,,
1436,S4881 Calcium Dobesilate.cdx,S,0.384801218,0.615198782,,,,
1437,S4940 Maltol.cdx,S,0.49509539,0.50490461,,,,
1438,S4952 Fumaric acid.cdx,S,0.234846716,0.765153284,,,,
1439,S4953 Usnic acid.cdx,S,0.380234329,0.619765671,,,,
1440,S4969 Tropine.cdx,S,0.134597949,0.865402051,,,,
1441,S2501 Pyrantel pamoate.cdx,S,0.292705056,0.707294944,,,,
1442,S4815 L-Cysteine HCL.cdx,S,0.370835741,0.629164259,,,,
1443,S4816 Diatrizoate sodium.cdx,S,0.162743316,0.837256684,,,,
1444,S4819 Saccharin.cdx,S,0.350709006,0.649290994,,,,
1445,S4830 Maltose.cdx,N,0.626315019,0.373684981,,,,
1446,S4831 Piperonyl butoxide.cdx,N,0.52516893,0.47483107,,,,
1447,S4832 Tolmetin.cdx,S,0.272458966,0.727541034,,,,
1448,S4835 Aceclofenac.cdx,S,0.397900254,0.602099746,,,,
1449,S4839 Mosapride.cdx,S,0.375936957,0.624063043,,,,
1450,S4860 Indole-3-carboxylic acid.cdx,S,0.406043302,0.593956698,,,,
1451,S4871 Pyridoxal 5-phosphate monohydrate.cdx,S,0.320964506,0.679035494,,,,
1452,S4874 Cefazedone.cdx,S,0.423873992,0.576126008,,,,
1453,S4875 Cephapirin Benzathine.cdx,N,0.507861228,0.492138772,,,,
1454,S4885 Taurolidine.cdx,N,0.609034864,0.390965136,,,,
1455,S4886 Menbutone.cdx,S,0.275941014,0.724058986,,,,
1456,S4893 Cytosine.cdx,S,0.148848679,0.851151321,,,,
1457,S4894 D-Glucurone.cdx,N,0.587226587,0.412773413,,,,
1458,S4899 Sulfogaiacol.cdx,S,0.339314827,0.660685173,,,,
1459,S4939 cis-Aconitic acid.cdx,S,0.32946547,0.67053453,,,,
1460,S4958 Glycocholic acid.cdx,S,0.212468671,0.787531329,,,,
1461,S4964 Lactobionic acid.cdx,N,0.626315019,0.373684981,,,,
1462,S4973 Iminostilbene.cdx,N,0.534261417,0.465738583,,,,
1463,S4975 Fimasartan.cdx,S,0.492590209,0.507409791,,,,
1464,S4977 Efonidipine.cdx,S,0.465704123,0.534295877,,,,
1465,S5017 Oxyclozanide.cdx,S,0.300747022,0.699252978,,,,
1466,S5019 Indobufen.cdx,S,0.463430823,0.536569177,,,,
1467,S4847 Faropenem Sodium.cdx,S,0.341747705,0.658252295,,,,
1468,S4870 Cefodizime Sodium.cdx,S,0.469945172,0.530054828,,,,
1469,S4883 Lynestrenol.cdx,S,0.160875242,0.839124758,,,,
1470,S5020 Tilorone dihydrochloride.cdx,S,0.273042638,0.726957362,,,,
1471,QUTENZA (capsaicin).cdx,N,0.613502009,0.386497991,,,,
1472,S4866 Nicarbazin.cdx,S,0.300851312,0.699148688,,,,
1473,S4976 Sulfalene(SMPZ).cdx,S,0.470905943,0.529094057,,,,
1474,S4983 Sorbic acid.cdx,S,0.162743316,0.837256684,,,,
1475,S5016 Isoprinosine.cdx,S,0.404596812,0.595403188,,,,
1476,Sodium valproate.cdx,S,0.162743316,0.837256684,,,,
1477,"S4623 5,5-Dimethyloxazolidine-2,4-dione.cdx",S,0.162743316,0.837256684,,,,
1478,S3785 Notoginsenoside R1.cdx,S,0.312580711,0.687419289,,,,
1479,S3969 Veratric acid.cdx,S,0.435499696,0.564500304,,,,
1480,S3970 Vindoline.cdx,S,0.443728512,0.556271488,,,,
1481,S3971 Fusidine.cdx,S,0.349701672,0.650298328,,,,
1482,Clindamycin.cdx,S,0.45303091,0.54696909,,,,
1483,Clindamycin hydrochloride.cdx,S,0.45303091,0.54696909,,,,
1484,Clindamycin hydrochloride.cdx,S,0.452464193,0.547535807,,,,
1485,Isotretinoin.cdx,S,0.215051145,0.784948855,,,,
1486,Ulipristal acetate.cdx,S,0.427581819,0.572418181,,,,
1487,spiramycin.cdx,S,0.349426918,0.650573082,,,,
1488,Alogliptin(SYR-322).cdx,N,0.506037627,0.493962373,,,,
1489,Propranolol HCl.cdx,S,0.240192232,0.759807768,,,,
1490,S4722 (+)-Catechin.cdx,N,0.571682455,0.428317545,,,,
1491,S3810 Scutellarin.cdx,S,0.459245099,0.540754901,,,,
1492,Alogliptin(SYR-322).cdx,N,0.506037627,0.493962373,,,,
1493,Dichlorphenamide.cdx,S,0.230695388,0.769304612,,,,
1494,Inulin.cdx,N,0.626315019,0.373684981,,,,
1495,AP26113.cdx,S,0.350761985,0.649238015,,,,
1496,IPI-145.cdx,N,0.558377795,0.441622205,,,,
1497,VX661.cdx,S,0.458227384,0.541772616,,,,
1498,Embelin.cdx,N,0.611610005,0.388389995,,,,
1499,Bleomycin sulfate.cdx,S,0.448467524,0.551532476,,,,
1500,S3003 Dinoprostone.cdx,S,0.178421385,0.821578615,,,,
1501,untitled.cdx,N,0.551120929,0.448879071,,,,
1502,LM-3632.cdx,N,0.596136294,0.403863706,,,,
1503,Dibutyryl-cAMP.cdx,S,0.426163681,0.573836319,,,,
1504,Pyrilamine Maleate.cdx,S,0.476370658,0.523629342,,,,
1505,RTA 408.cdx,S,0.286657121,0.713342879,,,,
1506,Oleuropein.cdx,N,0.646551984,0.353448016,,,,
1507,MMAE.cdx,S,0.447256791,0.552743209,,,,
1508,ODM-201.cdx,S,0.411540085,0.588459915,,,,
1509,S5121 Phytol.cdx,S,0.182657463,0.817342537,,,,
1510,S5138 Citral.cdx,S,0.164373604,0.835626396,,,,
1511,S3944 Valproic acid.cdx,S,0.162743316,0.837256684,,,,
1512,S3965 Vanillyl Butyl Ether.cdx,N,0.815157145,0.184842855,,,,
1513,S3756 Methyl salicylate.cdx,S,0.315630411,0.684369589,,,,
1514,S3763 Cinnamaldehyde.cdx,N,0.673586147,0.326413853,,,,
1515,S3788 Carvacrol.cdx,N,0.512227323,0.487772677,,,,
1516,S3779 cis-Anethol.cdx,S,0.340174302,0.659825698,,,,
1517,S5105 Proanthocyanidins.cdx,N,0.572820165,0.427179835,,,,
1518,S3893 Bornyl acetate.cdx,N,0.578332035,0.421667965,,,,
1519,"HMPL-504(AZD6094, Volitinib).cdx",S,0.422727447,0.577272553,,,,
1520,MEK162 (ARRY-438162).cdx,S,0.411053264,0.588946736,,,,
1521,CO-1686(AVL-301).cdx,S,0.378514093,0.621485907,,,,
1522,Aceclidine Hydrochloride.cdx,S,0.497666252,0.502333748,,,,
1523,aminacrine.cdx,S,0.328090224,0.671909776,,,,
1524,anisindione.cdx,S,0.373050991,0.626949009,,,,
1525,AUTOGEN_FDA_BMM_1525,S,0.166484861,0.833515139,,,,
1526,bendroflumethiazide.cdx,N,0.578051161,0.421948839,,,,
1527,bentiromide.cdx,N,0.643168339,0.356831661,,,,
1528,benzthiazide.cdx,S,0.497127799,0.502872201,,,,
1529,bephenium hydroxynaphthoate.cdx,S,0.26706292,0.73293708,,,,
1530,camylofine chlorhydrate.cdx,N,0.682909741,0.317090259,,,,
1531,carbadox.cdx,S,0.498010872,0.501989128,,,,
1532,Carbenoxolone disodiuM.cdx,S,0.207035716,0.792964284,,,,
1533,cephapirin sodium.cdx,N,0.507861228,0.492138772,,,,
1534,cinoxacin.cdx,S,0.398504104,0.601495896,,,,
1535,clofoctol.cdx,S,0.300680031,0.699319969,,,,
1536,DicycloMine Hydrochloride.cdx,N,0.89618902,0.10381098,,,,
1537,disopyramide phosphate.cdx,S,0.389000404,0.610999596,,,,
1538,ethoxzolamide.cdx,S,0.344878966,0.655121034,,,,
1539,fosfomycin tromethamine .cdx,S,0.162743316,0.837256684,,,,
1540,glafenine hydrochloride.cdx,S,0.361204827,0.638795173,,,,
1541,IMipraMine hydrochloride.cdx,S,0.471531782,0.528468218,,,,
1542,isoetharine mesylate.cdx,N,0.658276843,0.341723157,,,,
1543,mepenzolate bromide.cdx,S,0.358497779,0.641502221,,,,
1544,mesoridazine besylate.cdx,S,0.464777595,0.535222405,,,,
1545,metaproterenol sulfate(orciprenaline sulfate).cdx,N,0.745025465,0.254974535,,,,
1546,metaraminol bitartrate.cdx,N,0.608408354,0.391591646,,,,
1547,meticrane.cdx,N,0.542287428,0.457712572,,,,
1548,Misoprostol.cdx,S,0.220696815,0.779303185,,,,
1549,untitled.cdx,N,0.514110573,0.485889427,,,,
1550,pasiniazid.cdx,S,0.286950347,0.713049653,,,,
1551,pentoxifylline.cdx,S,0.486696819,0.513303181,,,,
1552,phthalylsulfacetamide.cdx,N,0.500613281,0.499386719,,,,
1553,pimozide.cdx,S,0.38807133,0.61192867,,,,
1554,proadifen hydrochloride .cdx,N,0.531736584,0.468263416,,,,
1555,procyclidine hydrochloride.cdx,S,0.194011178,0.805988822,,,,
1556,ractopamine hydrochloride.cdx,N,0.811504339,0.188495661,,,,
1557,SodiuM 4-aMinohippurate hydrate.cdx,S,0.373432005,0.626567995,,,,
1558,tacrine hydrochlorid.cdx,S,0.493546002,0.506453998,,,,
1559,terfenadine.cdx,S,0.22959759,0.77040241,,,,
1560,Thioridazine hydrochloride.cdx,S,0.464777595,0.535222405,,,,
1561,trimipramine maleate.cdx,S,0.471531782,0.528468218,,,,
1562,Rilpivirine.cdx,S,0.446177165,0.553822835,,,,
1563,Sorafenib.cdx,S,0.400270215,0.599729785,,,,
1564,KPT-330.cdx,S,0.418169608,0.581830392,,,,
1565,Aceclidine Hydrochloride.cdx,S,0.497666252,0.502333748,,,,
1566,LEE011-2.cdx,S,0.413427335,0.586572665,,,,
1567,LM-3264 Triapine.cdx,S,0.395493893,0.604506107,,,,
1568,Trelagliptin.cdx,N,0.562832164,0.437167836,,,,
1569,LM-3093 AZD9291.cdx,S,0.41805611,0.58194389,,,,
1570,"Ascomycin (FK 520, FR 900520, Immunomycin).cdx",S,0.273728183,0.726271817,,,,
1571,EMD 1214063.cdx,S,0.443258301,0.556741699,,,,
1572,Puromycin dihydrochloride.cdx,S,0.431331832,0.568668168,,,,
1573,Zotarolimus.cdx,S,0.360710518,0.639289482,,,,
1574,Lomitapide.cdx,S,0.277211622,0.722788378,,,,
1575,filgotinib.cdx,N,0.565127456,0.434872544,,,,
1576,Erythromycin cyclocarbonate.cdx,S,0.227944851,0.772055149,,,,
1577,PF-04449913.cdx,S,0.499938184,0.500061816,,,,
1578,Abscisic acid.cdx,S,0.368553862,0.631446138,,,,
1579,Obeticholic acid.cdx,S,0.251409783,0.748590217,,,,
1580,3469-LCZ696.cdx,S,0.482721822,0.517278178,,,,
1581,PF-06463922.cdx,S,0.340425477,0.659574523,,,,
1582,Ledipasvir (GS5885) .cdx,S,0.411718164,0.588281836,,,,
1583,Lomitapide mesylate.cdx,S,0.277211622,0.722788378,,,,
1584,S7668-Picropodophyllin (PPP).cdx,S,0.464130899,0.535869101,,,,
1585,BAF312 (Siponimod).cdx,S,0.360941134,0.639058866,,,,
1586,GSK1265744.cdx,S,0.405087075,0.594912925,,,,
1587,Docetaxel Trihydrate.cdx,S,0.357227163,0.642772837,,,,
1588,LM-3573.cdx,S,0.424520952,0.575479048,,,,
1589,LM-3572.cdx,S,0.405480036,0.594519964,,,,
1590,Erlotinib free Base.cdx,S,0.411325201,0.588674799,,,,
1591,S-crizotinib.cdx,S,0.315831114,0.684168886,,,,
1592,Combretastatin A4.cdx,N,0.503227011,0.496772989,,,,
1593,Afatinib dimaleate.cdx,S,0.437759378,0.562240622,,,,
1594,Marimastat (BB-25.cdx,S,0.401126724,0.598873276,,,,
1595,cyclo(RGDfK).cdx,N,0.596136294,0.403863706,,,,
1596,PLX3397.cdx,N,0.506213341,0.493786659,,,,
1597,Tenofovir alafenamide.cdx,S,0.406471587,0.593528413,,,,
1598,Cilengitide (EMD 121974).cdx,N,0.627016521,0.372983479,,,,
1599,T-705 (Favipiravir).cdx,S,0.397384677,0.602615323,,,,
1600,ASP015K.cdx,S,0.457220607,0.542779393,,,,
1601,"Entrectinib (RXDX-101, NMS-E628).cdx",S,0.495036072,0.504963928,,,,
1602,Fumagillin.cdx,S,0.349014117,0.650985883,,,,
1603,Ripasudil (K-115) hydrochloride dihydrate.cdx,S,0.278481731,0.721518269,,,,
1604,Ozanimod.cdx,N,0.500436604,0.499563396,,,,
1605,KD025 (SLx-2119).cdx,S,0.483473009,0.516526991,,,,
1606,MLN2480.cdx,S,0.438637786,0.561362214,,,,
1607,Eliglustat (Tartrate).cdx,N,0.610599996,0.389400004,,,,
1608,ETC-1002.cdx,S,0.251409783,0.748590217,,,,
1609,DEET.cdx,S,0.154140303,0.845859697,,,,
1610,S4520 2-Aminoheptane.cdx,S,0.162743316,0.837256684,,,,
1611,Tyloxapol.cdx,S,0.286978924,0.713021076,,,,
1612,Halothane.cdx,S,0.162743316,0.837256684,,,,
1613,Triacetin.cdx,S,0.162743316,0.837256684,,,,
1614,S4600 Benzyl alcohol.cdx,S,0.162743316,0.837256684,,,,
1615,S4599 Benzyl benzoate.cdx,S,0.154140303,0.845859697,,,,
1616,FOMEPIZOLE (fomepizole).cdx,S,0.162743316,0.837256684,,,,
1617,S4695 D panthenol.cdx,S,0.176335206,0.823664794,,,,
1618,S4690 Vitamin E.cdx,S,0.09558393,0.90441607,,,,
1619,MK-4827(Niraparib) tosylate.cdx,N,0.550202332,0.449797668,,,,
1620,S4706 Eugenol.cdx,N,0.815157145,0.184842855,,,,
1621,Rivastigmine.cdx,N,0.896244312,0.103755688,,,,
1622,LY333531.cdx,S,0.378912751,0.621087249,,,,
1623,LOXO-101.cdx,N,0.514323801,0.485676199,,,,
1624,S4707 Oleic Acid.cdx,S,0.182657463,0.817342537,,,,
1625,S4709 Latanoprost.cdx,S,0.200666798,0.799333202,,,,
1626,S4722 (+)-Catechin.cdx,N,0.571682455,0.428317545,,,,
1627,Y-39983 HCl.cdx,S,0.425340512,0.574659488,,,,
1628,CP21R7 (CP21).cdx,N,0.633930591,0.366069409,,,,
1629,Gilteritinib (ASP2215).cdx,S,0.407714155,0.592285845,,,,
1630,S3703 Phenethyl alcohol.cdx,S,0.162743316,0.837256684,,,,
1631,S3669 Carmustine.cdx,S,0.164373604,0.835626396,,,,
1632,S3738 Travoprost.cdx,S,0.289764144,0.710235856,,,,
1633,octocrylene.cdx,S,0.416552182,0.583447818,,,,
1634,S3681.cdx,S,0.343713144,0.656286856,,,,
1635,S5108 Tylosin.cdx,S,0.332710188,0.667289812,,,,
1636,S5143 Citropten.cdx,S,0.355910709,0.644089291,,,,
1637,S5145 Protoporphyrin IX.cdx,S,0.465444192,0.534555808,,,,
1638,S5141 Pyrithioxin.cdx,S,0.379179234,0.620820766,,,,
1639,S5157 Thymol.cdx,N,0.512227323,0.487772677,,,,
1640,S5130 Taurocholic acid sodium salt hydrate.cdx,S,0.287249067,0.712750933,,,,
1641,S4792 N-Acetylneuraminic acid.cdx,S,0.471382883,0.528617117,,,,
1642,S4788 L-¦�?-Phosphatidylcholine.cdx,S,0.162743316,0.837256684,,,,
1643,S5167 Benzyl cinnamate.cdx,N,0.723077052,0.276922948,,,,
1644,S5174 Kojic acid.cdx,S,0.474297904,0.525702096,,,,
1645,S5109 Ademetionine.cdx,S,0.425900535,0.574099465,,,,
1646,S5112 alpha-Arbutin.cdx,N,0.60248322,0.39751678,,,,
1647,S5114 Hydroquinine.cdx,N,0.620664704,0.379335296,,,,
1648,S5117 Doramectin.cdx,S,0.314592412,0.685407588,,,,
1649,S5113 Propyl gallate.cdx,S,0.365240366,0.634759634,,,,
1650,S5163 7-Methoxycoumarin.cdx,S,0.33971077,0.66028923,,,,
1651,S5126 Aleuritic Acid.cdx,S,0.251409783,0.748590217,,,,
1652,S5134 D(-)-Arabinose.cdx,S,0.491734139,0.508265861,,,,
1653,S5159 Doxycycline.cdx,S,0.429694474,0.570305526,,,,
1654,S5164 Chlorotetracycline.cdx,S,0.430133643,0.569866357,,,,
1655,S5033 Terconazole.cdx,S,0.431497639,0.568502361,,,,
1656,S5049 Thiocolchicoside.cdx,N,0.52808474,0.47191526,,,,
1657,S5025 Efinaconazole.cdx,S,0.436601089,0.563398911,,,,
1658,S5030 Dihydralazine sulphate.cdx,S,0.450220297,0.549779703,,,,
1659,S5055 Milbemycin Oxime.cdx,S,0.276239904,0.723760096,,,,
1660,S5059 Pixantrone Maleate.cdx,S,0.396342517,0.603657483,,,,
1661,S5063 Trelagliptin succinate.cdx,N,0.562832164,0.437167836,,,,
1662,S5070 Mupirocin calcium.cdx,S,0.366653289,0.633346711,,,,
1663,S5076 Xipamide.cdx,S,0.450560186,0.549439814,,,,
1664,S5083 Lentinan.cdx,S,0.157626756,0.842373244,,,,
1665,S5085 Azamethiphos.cdx,S,0.488340702,0.511659298,,,,
1666,S5086 p-Anisaldehyde.cdx,S,0.281776348,0.718223652,,,,
1667,S5091 Geranyl acetate.cdx,S,0.164373604,0.835626396,,,,
1668,S5096 SulfadiMethoxine sodiuM.cdx,S,0.499422947,0.500577053,,,,
1669,S5200 Diaveridine.cdx,N,0.651737425,0.348262575,,,,
1670,S5206 Benzylpenicillin potassiuM.cdx,S,0.4543987,0.5456013,,,,
1671,S5208 Ciprofloxacin hydrochloride hydrate.cdx,S,0.422470551,0.577529449,,,,
1672,S5209 Enoxacin Sesquihydrate.cdx,S,0.449324137,0.550675863,,,,
1673,S5210 Sulfamethazine Sodium Salt.cdx,S,0.307099731,0.692900269,,,,
1674,S5211 4-Aminosalicylic acid.cdx,S,0.286950347,0.713049653,,,,
1675,S5212 Imidazolidinyl Urea.cdx,S,0.346351648,0.653648352,,,,
1676,S5043 Benorylate.cdx,N,0.588720261,0.411279739,,,,
1677,S5052 Granisetron.cdx,S,0.313404069,0.686595931,,,,
1678,S5058 Revaprazan Hydrochloride.cdx,S,0.38878978,0.61121022,,,,
1679,S5062 Daclatasvir Digydrochloride.cdx,S,0.41949578,0.58050422,,,,
1680,S5066 Pramipexole dihydrochloride.cdx,S,0.421176077,0.578823923,,,,
1681,S5074 Argatroban Monohydrate.cdx,S,0.391714038,0.608285962,,,,
1682,S5075 Acotiamide.cdx,S,0.380750673,0.619249327,,,,
1683,S5077 Regorafenib Monohydrate.cdx,S,0.41491318,0.58508682,,,,
1684,S5079 Sitagliptin.cdx,S,0.420167623,0.579832377,,,,
1685,S5084 Carbazochrome.cdx,S,0.417033493,0.582966507,,,,
1686,S5092 Febantel.cdx,S,0.480356182,0.519643818,,,,
1687,S5093 Rafoxanide.cdx,S,0.472580507,0.527419493,,,,
1688,S5100 Pralidoxime Iodide.cdx,S,0.171573431,0.828426569,,,,
1689,S5214 Imidocarb dipropionate.cdx,S,0.42356788,0.57643212,,,,
1690,S5305 2-Bromo-N-carbamoyl-3-methylbutanamide.cdx,S,0.162743316,0.837256684,,,,
1691,S5309 Propyphenazone.cdx,S,0.43884347,0.56115653,,,,
1692,S4851 Tafluprost.cdx,S,0.266073505,0.733926495,,,,
1693,S4862 Squalene.cdx,S,0.164373604,0.835626396,,,,
1694,S4941 Farnesol.cdx,S,0.164373604,0.835626396,,,,
1695,S4949 Nonanoic acid.cdx,S,0.251409783,0.748590217,,,,
1696,S4957 Linalool.cdx,S,0.164373604,0.835626396,,,,
1697,S4841 Laurocapram.cdx,S,0.214721598,0.785278402,,,,
1698,S5027 Mebeverine Hydrochloride.cdx,N,0.618054965,0.381945035,,,,
1699,S5029 Etofylline.cdx,S,0.457350627,0.542649373,,,,
1700,S5032 Mephenesin.cdx,S,0.453297059,0.546702941,,,,
1701,S5034 Melitracen hydrochloride.cdx,S,0.46291797,0.53708203,,,,
1702,S5040 Tiamulin.cdx,N,0.566394271,0.433605729,,,,
1703,S5042 Bevantolol hydrochloride.cdx,S,0.464371038,0.535628962,,,,
1704,S5046 Clonixin.cdx,S,0.361618855,0.638381145,,,,
1705,S5073 Donepezil.cdx,S,0.497724549,0.502275451,,,,
1706,S5081 Ceforanide.cdx,S,0.437729315,0.562270685,,,,
1707,S5082VitaminK2.cdx,S,0.409227429,0.590772571,,,,
1708,S5222 Coluracetam.cdx,S,0.465490923,0.534509077,,,,
1709,S5245 Raltegravir potassium.cdx,S,0.434733234,0.565266766,,,,
1710,S5302 6-Methoxy-2-naphthoic acid.cdx,S,0.144301421,0.855698579,,,,
1711,S5403 Ombitasvir(ABT-267).cdx,S,0.456329515,0.543670485,,,,
1712,S5404 Paritaprevir(ABT-450).cdx,S,0.450126769,0.549873231,,,,
1713,S5037 Phenazine methosulfate.cdx,S,0.481951039,0.518048961,,,,
1714,S5053 Imazalil.cdx,S,0.411669178,0.588330822,,,,
1715,S5056 Dinoprost tromethamine.cdx,S,0.199246877,0.800753123,,,,
1716,S4880 Cefathiamidine.cdx,S,0.457131447,0.542868553,,,,
1717,S4889 Perospirone hydrochloride.cdx,N,0.545692947,0.454307053,,,,
1718,S4890 Bifendate.cdx,S,0.338275011,0.661724989,,,,
1719,S4999 Avermectin B1.cdx,S,0.314592412,0.685407588,,,,
1720,S5060 Metadoxine.cdx,S,0.327168236,0.672831764,,,,
1721,S5224 Adrafinil.cdx,S,0.182697106,0.817302894,,,,
1722,S5227 Erythromycin thiocyanate.cdx,S,0.227944851,0.772055149,,,,
1723,S5228 Minoxidil sulphate.cdx,S,0.471601932,0.528398068,,,,
1724,S5229 Isosorbide dinitrate.cdx,S,0.492941075,0.507058925,,,,
1725,S5273 Canrenone.cdx,S,0.286155707,0.713844293,,,,
1726,S5282 Lactitol monohydrate.cdx,N,0.626315019,0.373684981,,,,
1727,S5284 Adenosine 5'-monophosphate monohydrate.cdx,S,0.44103157,0.55896843,,,,
1728,S5311 Pyridoxal phosphate.cdx,S,0.320964506,0.679035494,,,,
1729,S5402 Dasabuvir(ABT-333).cdx,S,0.37188276,0.62811724,,,,
1730,S5483 Trimethobenzamide Hydrochloride.cdx,S,0.298001432,0.701998568,,,,
1731,S5484 Rimantadine Hydrochloride.cdx,S,0.214721598,0.785278402,,,,
1732,S5215 Abacavir.cdx,S,0.353184597,0.646815403,,,,
1733,S5243 Ruxolitinib  Phosphate.cdx,S,0.366134648,0.633865352,,,,
1734,S5253 Cisapride.cdx,S,0.377266351,0.622733649,,,,
1735,S5257 Doxapram.cdx,N,0.511585585,0.488414415,,,,
1736,S5490 Disopyramide.cdx,S,0.389000404,0.610999596,,,,
1737,S5233 Fenretinide.cdx,S,0.441056705,0.558943295,,,,
1738,S5246 Entecavir.cdx,S,0.388874516,0.611125484,,,,
1739,S5250 Darunavir.cdx,S,0.44825385,0.55174615,,,,
1740,S5261 Ufenamate.cdx,S,0.370986848,0.629013152,,,,
1741,S5279 Fendiline hydrochloride.cdx,S,0.289896019,0.710103981,,,,
1742,S5286 Ramatroban.cdx,S,0.469646455,0.530353545,,,,
1743,S5289 Ceftezole.cdx,S,0.439798494,0.560201506,,,,
1744,S5291 Sulfisomidin.cdx,S,0.419086726,0.580913274,,,,
1745,S5292 Diazolidinyl urea.cdx,S,0.223506564,0.776493436,,,,
1746,S5293 Nimustine Hydrochloride.cdx,S,0.303704791,0.696295209,,,,
1747,S5294 Cephalotin acid.cdx,S,0.485536645,0.514463355,,,,
1748,S5295 Lincomycin Hydrochloride Monohydrate.cdx,S,0.45303091,0.54696909,,,,
1749,S5297 Vidarabine monohydrate.cdx,S,0.428823846,0.571176154,,,,
1750,S5298 Amoxicillin trihydrate.cdx,S,0.4543987,0.5456013,,,,
1751,S5299 Tosufloxacin p-Toluenesulfonate Hydrate.cdx,S,0.336815771,0.663184229,,,,
1752,S5331 Ceftezole sodium.cdx,S,0.447733537,0.552266463,,,,
1753,S5333 Sulbenicillin Sodium.cdx,S,0.457812701,0.542187299,,,,
1754,S5339 4-Allylanisole.cdx,S,0.26050156,0.73949844,,,,
1755,S5343 Vanillic acid.cdx,N,0.508687707,0.491312293,,,,
1756,S5345 Nerolidol.cdx,S,0.164373604,0.835626396,,,,
1757,S5420 Clindamycin alcoholate.cdx,S,0.45303091,0.54696909,,,,
1758,S5447 Triprolidine hydrochloride monohydrate.cdx,S,0.33311839,0.66688161,,,,
1759,S5479 Cloperastine hydrochloride.cdx,S,0.189721876,0.810278124,,,,
1760,S5481 Molindone hydrochloride.cdx,N,0.580455543,0.419544457,,,,
1761,S5492 Econazole.cdx,S,0.419151062,0.580848938,,,,
1762,S5497 Iopanoic acid.cdx,S,0.208784127,0.791215873,,,,
1763,S5498 Betahistine mesylate.cdx,S,0.302980797,0.697019203,,,,
1764,S5515 Penicillin G Procaine.cdx,S,0.4543987,0.5456013,,,,
1765,S3772 5-Hydroxymethylfurfural.cdx,S,0.224750669,0.775249331,,,,
1766,S3805 Stevioside.cdx,S,0.287306059,0.712693941,,,,
1767,S4590 Dithranol.cdx,S,0.499423047,0.500576953,,,,
1768,S4833 Cefoxitin sodium.cdx,N,0.527111663,0.472888337,,,,
1769,S4845 Rabeprazole.cdx,N,0.521598433,0.478401567,,,,
1770,S4846 Meropenem Trihydrate.cdx,S,0.282264918,0.717735082,,,,
1771,S4850 Flucloxacillin sodium.cdx,S,0.379781559,0.620218441,,,,
1772,S4853 Ecabet sodium.cdx,S,0.474051694,0.525948306,,,,
1773,S4865 Cefetamet pivoxil hydrochloride.cdx,S,0.401850379,0.598149621,,,,
1774,S4996 AN-2690.cdx,S,0.408622139,0.591377861,,,,
1775,S5069 Dabrafenib Mesylate.cdx,N,0.560867282,0.439132718,,,,
1776,S5071 Duloxetine.cdx,S,0.427163481,0.572836519,,,,
1777,S5320 Octinoxate.cdx,N,0.507389423,0.492610577,,,,
1778,S5322 Sodium gualenate.cdx,S,0.372220364,0.627779636,,,,
1779,S5325 Nitisinone.cdx,S,0.224610668,0.775389332,,,,
1780,S5327 Meisoindigo.cdx,S,0.460421902,0.539578098,,,,
1781,S5341 Metroprolol succinate.cdx,S,0.321626891,0.678373109,,,,
1782,S5155 Raffinose.cdx,N,0.626315019,0.373684981,,,,
1783,S5213 Piroctone Olamine.cdx,S,0.401109604,0.598890396,,,,
1784,S5234 Nintedanib Ethanesulfonate Salt.cdx,S,0.465725256,0.534274744,,,,
1785,S5256 Benproperine phosphate.cdx,S,0.228534832,0.771465168,,,,
1786,S5258 Revefenacin.cdx,S,0.39819419,0.60180581,,,,
1787,S5266 Stiripentol.cdx,S,0.370890271,0.629109729,,,,
1788,S5281 Dapiprazole Hydrochloride.cdx,S,0.467039808,0.532960192,,,,
1789,S5350 Cefpodoxime proxetil.cdx,S,0.401850379,0.598149621,,,,
1790,S5359 Butoconazole.cdx,S,0.391817363,0.608182637,,,,
1791,S5363 Pikamilone.cdx,N,0.53670338,0.46329662,,,,
1792,S5366 Fipronil.cdx,S,0.428698791,0.571301209,,,,
1793,S5367 Ethyl Oleate.cdx,S,0.332275822,0.667724178,,,,
1794,S5368 Lactitol.cdx,N,0.626315019,0.373684981,,,,
1795,S5377 Dibutyl phthalate.cdx,S,0.298822539,0.701177461,,,,
1796,S5378 Dimethyl phthalate.cdx,S,0.298822539,0.701177461,,,,
1797,Tegaserod maleate.cdx,N,0.840772719,0.159227281,,,,
1798,S5407 Squalane.cdx,S,0.251409783,0.748590217,,,,
1799,S5410 Chloramphenicol sodium succinate.cdx,N,0.521370499,0.478629501,,,,
1800,"S5419 1,4-Cineole.cdx",S,0.251409783,0.748590217,,,,
1801,S5424 Carbaryl.cdx,S,0.346078274,0.653921726,,,,
1802,S5428 Promazine Hydrochloride.cdx,S,0.362418516,0.637581484,,,,
1803,S5430 Metoprolol.cdx,S,0.321626891,0.678373109,,,,
1804,S5435 Quinacrine Dihydrochloride Dihydrate.cdx,S,0.45032213,0.54967787,,,,
1805,S5440 Berberine Sulfate.cdx,S,0.434077309,0.565922691,,,,
1806,S5452 Sanguinarine chloride.cdx,S,0.400460999,0.599539001,,,,
1807,S5453 Hyperoside.cdx,N,0.535060588,0.464939412,,,,
1808,S5454 Saikosaponin D.cdx,S,0.243082773,0.756917227,,,,
1809,S5457 Curculigoside.cdx,N,0.639612997,0.360387003,,,,
1810,S5458 Verbascoside.cdx,N,0.577563444,0.422436556,,,,
1811,S5459 Aucubin.cdx,S,0.4205958,0.5794042,,,,
1812,S5460 Vitexin-2-O-rhaMnoside.cdx,N,0.565948711,0.434051289,,,,
1813,S5473 Pivmecillinam hydrochloride.cdx,S,0.471012389,0.528987611,,,,
1814,S5480 Clidinium Bromide.cdx,S,0.385910289,0.614089711,,,,
1815,S5485 Desipramine Hydrochloride.cdx,S,0.471531782,0.528468218,,,,
1816,S5486 Fluorometholone.cdx,S,0.342749081,0.657250919,,,,
1817,S5527 Salmeterol.cdx,N,0.797856687,0.202143313,,,,
1818,S5528 Acetophenone.cdx,S,0.154140303,0.845859697,,,,
1819,S5530 Geraniol.cdx,S,0.164373604,0.835626396,,,,
1820,S5538 Tropisetron.cdx,S,0.387388986,0.612611014,,,,
1821,S5541 Dimetridazole.cdx,S,0.359317549,0.640682451,,,,
1822,"S5543 1, 10-Phenanthroline monohydrate.cdx",N,0.625860046,0.374139954,,,,
1823,S5544 D-Ribose.cdx,S,0.162743316,0.837256684,,,,
1824,S5547 Hydroxylammonium chloride.cdx,S,0.162743316,0.837256684,,,,
1825,S5552 Amenamevir.cdx,N,0.578074324,0.421925676,,,,
1826,S5553 Kasugamycin hydrochloride.cdx,N,0.540607553,0.459392447,,,,
1827,S5554 Lanatoside C.cdx,S,0.362925253,0.637074747,,,,
1828,S5555 Pamabrom.cdx,S,0.45184312,0.54815688,,,,
1829,S5556 (-)-Sparteini Sulfas.cdx,S,0.214721598,0.785278402,,,,
1830,S5558 D-Pantothenate Sodium.cdx,S,0.176335206,0.823664794,,,,
1831,S5562 2-Hydroxybenzyl alcohol.cdx,S,0.347174296,0.652825704,,,,
1832,S5566 Dapagliflozin propanediol monohydrate.cdx,S,0.40442252,0.59557748,,,,
1833,S5567 Trimethadione.cdx,S,0.162743316,0.837256684,,,,
1834,S5573 Tilmicosin phosphate.cdx,S,0.283378411,0.716621589,,,,
1835,S5582 Cytarabine hydrochloride.cdx,S,0.391616193,0.608383807,,,,
1836,S5583 Cinnamyl acetate.cdx,N,0.583837448,0.416162552,,,,
1837,S5585 Citronellal.cdx,S,0.140585267,0.859414733,,,,
1838,S5594 ¦�?-Terpineol.cdx,S,0.131260946,0.868739054,,,,
1839,S5596 (1S)-(-)-¦�?-Pinene.cdx,S,0.140585267,0.859414733,,,,
1840,S5597 (1R)-(-)-Menthyl acetate.cdx,N,0.578332035,0.421667965,,,,
1841,S5599 Sodium cholate.cdx,S,0.251409783,0.748590217,,,,
1842,S5614 (+)-Longifolene.cdx,S,0.214721598,0.785278402,,,,
1843,S5618 Hippuric acid.cdx,S,0.154140303,0.845859697,,,,
1844,S3935 Nonivamide.cdx,N,0.725014579,0.274985421,,,,
1845,S3966 Nifuratel.cdx,S,0.395394708,0.604605292,,,,
1846,S5102 Stachyose.cdx,N,0.626315019,0.373684981,,,,
1847,S5205 Nilotinib  hydrochloride.cdx,N,0.505152726,0.494847274,,,,
1848,S5239 Paroxetine mesylate.cdx,S,0.375958499,0.624041501,,,,
1849,S5240 lenvatinib Mesylate.cdx,S,0.433197605,0.566802395,,,,
1850,S5247 Selamectin.cdx,S,0.376806639,0.623193361,,,,
1851,S5326 Dolasetron.cdx,S,0.410105405,0.589894595,,,,
1852,S5351 Cefmetazole sodium.cdx,S,0.450721085,0.549278915,,,,
1853,S5352 Cefminox Sodium.cdx,S,0.450721085,0.549278915,,,,
1854,S5356 Ceftiofur.cdx,S,0.392804042,0.607195958,,,,
1855,S5357 Safinamide.cdx,N,0.560386277,0.439613723,,,,
1856,S5358 Regadenoson.cdx,S,0.45850413,0.54149587,,,,
1857,S5360 Diflorasone.cdx,S,0.350641276,0.649358724,,,,
1858,S5361 Bendazac.cdx,S,0.395733479,0.604266521,,,,
1859,S5369 Ethoxyquin.cdx,N,0.644482305,0.355517695,,,,
1860,S5388 Betrixaban.cdx,S,0.48576294,0.51423706,,,,
1861,S5389 Betrixaban maleate.cdx,S,0.48576294,0.51423706,,,,
1862,S5393 Cyclofenil.cdx,S,0.310735951,0.689264049,,,,
1863,S5405 Propylparaben.cdx,S,0.365240366,0.634759634,,,,
1864,S5411 Sultamicillin.cdx,S,0.349862974,0.650137026,,,,
1865,S5413 Ertugliflozin.cdx,S,0.409232674,0.590767326,,,,
1866,S5414 Diflucortolone valerate.cdx,S,0.423433838,0.576566162,,,,
1867,S5466 Saikosaponin A.cdx,S,0.243082773,0.756917227,,,,
1868,S5482 Prilocaine hydrochloride.cdx,S,0.423255822,0.576744178,,,,
1869,S5493 Atropine sulfate.cdx,S,0.467088645,0.532911355,,,,
1870,S5394 Tizoxanide.cdx,S,0.484891914,0.515108086,,,,
1871,S5647 Emedastine Difumarate.cdx,N,0.508035009,0.491964991,,,,
1872,S5648 Iguratimod.cdx,S,0.430671192,0.569328808,,,,
1873,S5651 Dexrazoxane.cdx,S,0.231830914,0.768169086,,,,
1874,S5494 Salbutamol.cdx,N,0.704380571,0.295619429,,,,
1875,S5500 Amodiaquine hydrochloride.cdx,S,0.414962449,0.585037551,,,,
1876,S5501 Hydrocortisone acetate.cdx,S,0.423186439,0.576813561,,,,
1877,S5537 Tizanidine.cdx,S,0.427947573,0.572052427,,,,
1878,S5540 Landiolol hydrochloride.cdx,S,0.364822486,0.635177514,,,,
1879,S5559 Tetrahydropalmatine.cdx,N,0.514838489,0.485161511,,,,
1880,S5560 Midecamycin.cdx,S,0.330285848,0.669714152,,,,
1881,S5621 Cilastatin.cdx,S,0.341628055,0.658371945,,,,
1882,S5623 Bedaquiline.cdx,S,0.428522712,0.571477288,,,,
1883,S5626 Benzalkonium chloride.cdx,S,0.162743316,0.837256684,,,,
1884,S5353 Cefpiramide sodium.cdx,S,0.38141198,0.61858802,,,,
1885,S4698 Vitamin K1.cdx,S,0.396595686,0.603404314,,,,
1886,S5065 Ganciclovir sodium.cdx,S,0.383545812,0.616454188,,,,
1887,S5255 Nicardipine.cdx,S,0.379922883,0.620077117,,,,
1888,S5550 Ethyl gallate.cdx,S,0.365240366,0.634759634,,,,
1889,Difluoxacin hydrochloride .cdx,S,0.40057508,0.59942492,,,,
1890,Edoxaban.cdx,S,0.486143148,0.513856852,,,,
1891,AUTOGEN_FDA_BMM_1891,N,0.662618923,0.337381077,,,,
1892,AUTOGEN_FDA_BMM_1892,S,0.295893964,0.704106036,,,,
1893,AUTOGEN_FDA_BMM_1893,N,0.509856549,0.490143451,,,,
1894,AUTOGEN_FDA_BMM_1894,S,0.376386136,0.623613864,,,,
1895,AUTOGEN_FDA_BMM_1895,S,0.227500479,0.772499521,,,,
1896,AUTOGEN_FDA_BMM_1896,N,0.600536973,0.399463027,,,,
1897,AUTOGEN_FDA_BMM_1897,S,0.141908448,0.858091552,,,,
1898,AUTOGEN_FDA_BMM_1898,S,0.489461287,0.510538713,,,,
1899,AUTOGEN_FDA_BMM_1899,N,0.741982303,0.258017697,,,,
1900,AUTOGEN_FDA_BMM_1900,S,0.398256207,0.601743793,,,,
1901,AUTOGEN_FDA_BMM_1901,S,0.41672158,0.58327842,,,,
1902,AUTOGEN_FDA_BMM_1902,S,0.095621123,0.904378877,,,,
1903,AUTOGEN_FDA_BMM_1903,S,0.429541805,0.570458195,,,,
1904,AUTOGEN_FDA_BMM_1904,S,0.33135171,0.66864829,,,,
1905,AUTOGEN_FDA_BMM_1905,S,0.442640675,0.557359325,,,,
1906,AUTOGEN_FDA_BMM_1906,S,0.399289366,0.600710634,,,,
1907,AUTOGEN_FDA_BMM_1907,S,0.210930913,0.789069087,,,,
1908,AUTOGEN_FDA_BMM_1908,S,0.492563393,0.507436607,,,,
1909,AUTOGEN_FDA_BMM_1909,S,0.160993692,0.839006308,,,,
1910,AUTOGEN_FDA_BMM_1910,S,0.422752563,0.577247437,,,,
1911,AUTOGEN_FDA_BMM_1911,N,0.641085868,0.358914132,,,,
1912,AUTOGEN_FDA_BMM_1912,S,0.452648697,0.547351303,,,,
1913,S5371 Ajmaline.cdx,N,0.526460946,0.473539054,,,,
1914,S5372 Methyl Aminolevulinate Hydrochloride.cdx,S,0.162743316,0.837256684,,,,
1915,S5385 Imidafenacin.cdx,S,0.474436554,0.525563446,,,,
1916,S5399 Chlorprothixene hydrochloride.cdx,S,0.27173637,0.72826363,,,,
1917,S5418 Parecoxib Sodium.cdx,S,0.412200006,0.587799994,,,,
1918,S5531 Doripenem.cdx,S,0.253028376,0.746971624,,,,
1919,S5581 Olmesartan.cdx,S,0.29359593,0.70640407,,,,
1920,S5592 Vitamin A.cdx,S,0.215051145,0.784948855,,,,
1921,S5238 Solifenacin.cdx,S,0.418938577,0.581061423,,,,
1922,S5278 Tedizolid.cdx,N,0.553937787,0.446062213,,,,
1923,S5532 Erythromycin estolate.cdx,S,0.371454332,0.628545668,,,,
1924,S5535 Moxifloxacin.cdx,S,0.422470551,0.577529449,,,,
1925,S5564 Xylazine.cdx,S,0.323948933,0.676051067,,,,
1926,S5568 Tocofersolan.cdx,S,0.419349816,0.580650184,,,,
1927,S5627 Amsacrine hydrochloride.cdx,S,0.295594318,0.704405682,,,,
1928,S5701 Alvimopan dihydrate.cdx,N,0.641085868,0.358914132,,,,
1929,S5054 Rifamycin sodium salt.cdx,S,0.369208469,0.630791531,,,,
1930,S5392 Mepivacaine.cdx,S,0.423255822,0.576744178,,,,
1931,S5491 Lomefloxacin.cdx,S,0.399505972,0.600494028,,,,
1932,S5505 2'-deoxyuridine.cdx,S,0.398393465,0.601606535,,,,
1933,S5507 Trimebutine maleate.cdx,N,0.517056471,0.482943529,,,,
1934,S5539 Olprinone.cdx,S,0.398516183,0.601483817,,,,
1935,S5700 Phthalylsulfathiazole.cdx,S,0.450962392,0.549037608,,,,
1936,S5703 Carvedilol Phosphate.cdx,S,0.388577932,0.611422068,,,,
1937,S5288 Estropipate.cdx,S,0.397936027,0.602063973,,,,
1938,S5395 Phenolphthalein.cdx,S,0.399957767,0.600042233,,,,
1939,S5397 Chlorhexidine.cdx,S,0.422752563,0.577247437,,,,
1940,S5398 Nefazodone hydrochloride.cdx,S,0.445693473,0.554306527,,,,
1941,S5477 Gefarnate.cdx,S,0.420691669,0.579308331,,,,
1942,S5702 Fenipentol.cdx,S,0.162743316,0.837256684,,,,
1943,S5416 Metyrapone.cdx,S,0.162743316,0.837256684,,,,
1944,S5450 Sofalcone.cdx,N,0.766233188,0.233766812,,,,
1945,S5487 Cefoperazone sodium.cdx,S,0.399321057,0.600678943,,,,
1946,S5488 Fluorescein.cdx,S,0.425555913,0.574444087,,,,
1947,S3623 Ceftibuten (dihydrate).cdx,S,0.426039029,0.573960971,,,,
1948,S5546 Sulfacetamide.cdx,S,0.249024767,0.750975233,,,,
1949,S5478 Dantrolene sodium.cdx,N,0.511678782,0.488321218,,,,
1950,S5503 O-Acetyl-L-carnitine hydrochloride.cdx,S,0.41672158,0.58327842,,,,
1951,S5504 Ropivacaine.cdx,S,0.423255822,0.576744178,,,,
1952,S5619 Betahistine.cdx,S,0.302980797,0.697019203,,,,
1953,S5637 Cefotiam Hexetil Hydrochloride.cdx,S,0.367212499,0.632787501,,,,
1954,S5638 Cefozopran hydrochloride.cdx,S,0.38908839,0.61091161,,,,
1955,S5641 Rhodamine B.cdx,S,0.433109792,0.566890208,,,,
1956,S5653 Indigo carmine.cdx,S,0.46192248,0.53807752,,,,
1957,S5710 Ambroxol.cdx,N,0.695349943,0.304650057,,,,
1958,S5663 Minaprine dihydrochloride.cdx,N,0.608342208,0.391657792,,,,
1959,S5625 Ammonium lactate.cdx,S,0.162743316,0.837256684,,,,
1960,S5680 (-)-Verbenone.cdx,S,0.140585267,0.859414733,,,,
1961,S5649 Hydroxyzine pamoate.cdx,S,0.292705056,0.707294944,,,,
1962,S5662 Ranitidine.cdx,S,0.147461381,0.852538619,,,,
1963,S5664 Orphenadrine Hydrochloride.cdx,S,0.404968742,0.595031258,,,,
1964,S5724 Dichlorophene.cdx,S,0.300680031,0.699319969,,,,
1965,S5732 Sebacic acid.cdx,S,0.251409783,0.748590217,,,,
1966,S5733 Stearic acid.cdx,S,0.251409783,0.748590217,,,,
1967,S5725 Pempidine.cdx,S,0.162743316,0.837256684,,,,
1968,S5729 Fosfosal.cdx,S,0.159217617,0.840782383,,,,
1969,S4281 Tasimelteon.cdx,N,0.573267254,0.426732746,,,,
1970,S5010 Indometacin Sodium.cdx,S,0.226926284,0.773073716,,,,
1971,S5067 Losartan.cdx,S,0.464052027,0.535947973,,,,
1972,S5203 Sulbutiamine.cdx,S,0.369097857,0.630902143,,,,
1973,S5217 Arformoterol Tartrate.cdx,N,0.654764201,0.345235799,,,,
1974,S5241 Lapatinib ditosylate monohydrate.cdx,S,0.449367183,0.550632817,,,,
1975,S5254 Dasatinib hydrochloride.cdx,S,0.424520952,0.575479048,,,,
1976,S5728 Delapril Hydrochloride.cdx,N,0.589954003,0.410045997,,,,
1977,S5730 Alimemazine Tartrate.cdx,S,0.362418516,0.637581484,,,,
1978,S5652 Elbasvir.cdx,S,0.422812257,0.577187743,,,,
1979,S5654 Indacaterol.cdx,S,0.473055905,0.526944095,,,,
1980,S5655 Venlafaxine.cdx,S,0.492715184,0.507284816,,,,
1981,S5657 Ertapenem sodium.cdx,S,0.377084965,0.622915035,,,,
1982,S5659 Emedastine.cdx,N,0.508035009,0.491964991,,,,
1983,S5661 Tiaprofenic acid.cdx,S,0.261085695,0.738914305,,,,
1984,S5705 Raceanisodamine.cdx,S,0.398256207,0.601743793,,,,
1985,S5709 Norgestrel.cdx,S,0.160875242,0.839124758,,,,
1986,S5714 lurasidone.cdx,N,0.545692947,0.454307053,,,,
1987,S5716 Abemaciclib.cdx,S,0.475851286,0.524148714,,,,
1988,S5717 Acetohexamide.cdx,S,0.245048545,0.754951455,,,,
1989,Tamsulosin.cdx,N,0.708219576,0.291780424,,,,
1990,S5476 Rolapitant.cdx,N,0.554731753,0.445268247,,,,
1991,S5565 Triflupromazine hydrochloride.cdx,S,0.356079457,0.643920543,,,,
1992,S5667 Fruquintinib.cdx,N,0.537287262,0.462712738,,,,
1993,AUTOGEN_FDA_BMM_1993,N,0.521584235,0.478415765,,,,
1994,AUTOGEN_FDA_BMM_1994,S,0.392392339,0.607607661,,,,
1995,AUTOGEN_FDA_BMM_1995,S,0.461857297,0.538142703,,,,
1996,AUTOGEN_FDA_BMM_1996,N,0.562593495,0.437406505,,,,
1997,AUTOGEN_FDA_BMM_1997,N,0.764168999,0.235831001,,,,
1998,AUTOGEN_FDA_BMM_1998,S,0.423586011,0.576413989,,,,
1999,AUTOGEN_FDA_BMM_1999,S,0.095124423,0.904875577,,,,
2000,AUTOGEN_FDA_BMM_2000,S,0.430689548,0.569310452,,,,
2001,AUTOGEN_FDA_BMM_2001,S,0.342749081,0.657250919,,,,
2002,AUTOGEN_FDA_BMM_2002,N,0.857467434,0.142532566,,,,
2003,AUTOGEN_FDA_BMM_2003,S,0.201125787,0.798874213,,,,
2004,AUTOGEN_FDA_BMM_2004,S,0.424559276,0.575440724,,,,
2005,AUTOGEN_FDA_BMM_2005,N,0.511608407,0.488391593,,,,
2006,AUTOGEN_FDA_BMM_2006,S,0.450360277,0.549639723,,,,
2007,AUTOGEN_FDA_BMM_2007,S,0.3169031,0.6830969,,,,
2008,AUTOGEN_FDA_BMM_2008,S,0.416624251,0.583375749,,,,
2009,AUTOGEN_FDA_BMM_2009,S,0.145572315,0.854427685,,,,
2010,AUTOGEN_FDA_BMM_2010,S,0.162743316,0.837256684,,,,
2011,AUTOGEN_FDA_BMM_2011,N,0.534289238,0.465710762,,,,
2012,AUTOGEN_FDA_BMM_2012,S,0.162743316,0.837256684,,,,
2013,AUTOGEN_FDA_BMM_2013,S,0.477870703,0.522129297,,,,
2014,AUTOGEN_FDA_BMM_2014,N,0.520105363,0.479894637,,,,
2015,AUTOGEN_FDA_BMM_2015,N,0.81038683,0.18961317,,,,
2016,AUTOGEN_FDA_BMM_2016,S,0.41805611,0.58194389,,,,
2017,AUTOGEN_FDA_BMM_2017,S,0.162743316,0.837256684,,,,
2018,AUTOGEN_FDA_BMM_2018,S,0.198906527,0.801093473,,,,
2019,AUTOGEN_FDA_BMM_2019,S,0.423255822,0.576744178,,,,
2020,AUTOGEN_FDA_BMM_2020,S,0.358089343,0.641910657,,,,
2021,AUTOGEN_FDA_BMM_2021,S,0.321514176,0.678485824,,,,
2022,AUTOGEN_FDA_BMM_2022,S,0.349862974,0.650137026,,,,
2023,AUTOGEN_FDA_BMM_2023,S,0.495111868,0.504888132,,,,
2024,AUTOGEN_FDA_BMM_2024,S,0.284845799,0.715154201,,,,
2025,AUTOGEN_FDA_BMM_2025,S,0.268103037,0.731896963,,,,
2026,AUTOGEN_FDA_BMM_2026,S,0.180710231,0.819289769,,,,
2027,AUTOGEN_FDA_BMM_2027,S,0.433985717,0.566014283,,,,
2028,AUTOGEN_FDA_BMM_2028,N,0.798183252,0.201816748,,,,
2029,AUTOGEN_FDA_BMM_2029,N,0.687031496,0.312968504,,,,
2030,AUTOGEN_FDA_BMM_2030,N,0.702406463,0.297593537,,,,
2031,AUTOGEN_FDA_BMM_2031,S,0.368596185,0.631403815,,,,
2032,AUTOGEN_FDA_BMM_2032,N,0.545693801,0.454306199,,,,
2033,AUTOGEN_FDA_BMM_2033,S,0.410105405,0.589894595,,,,
2034,AUTOGEN_FDA_BMM_2034,S,0.182657463,0.817342537,,,,
2035,AUTOGEN_FDA_BMM_2035,N,0.758347781,0.241652219,,,,
2036,AUTOGEN_FDA_BMM_2036,S,0.342749081,0.657250919,,,,
2037,AUTOGEN_FDA_BMM_2037,S,0.252732348,0.747267652,,,,
2038,AUTOGEN_FDA_BMM_2038,N,0.650217492,0.349782508,,,,
2039,AUTOGEN_FDA_BMM_2039,S,0.338431076,0.661568924,,,,
2040,AUTOGEN_FDA_BMM_2040,S,0.367947657,0.632052343,,,,
2041,AUTOGEN_FDA_BMM_2041,S,0.293752199,0.706247801,,,,
2042,AUTOGEN_FDA_BMM_2042,S,0.399015657,0.600984343,,,,
2043,AUTOGEN_FDA_BMM_2043,S,0.395705925,0.604294075,,,,
2044,AUTOGEN_FDA_BMM_2044,S,0.401850379,0.598149621,,,,
2045,AUTOGEN_FDA_BMM_2045,S,0.446549695,0.553450305,,,,
2046,AUTOGEN_FDA_BMM_2046,S,0.292705056,0.707294944,,,,
2047,AUTOGEN_FDA_BMM_2047,N,0.716048211,0.283951789,,,,
2048,AUTOGEN_FDA_BMM_2048,N,0.661773299,0.338226701,,,,
2049,AUTOGEN_FDA_BMM_2049,N,0.848586746,0.151413254,,,,
2050,AUTOGEN_FDA_BMM_2050,N,0.848586746,0.151413254,,,,
2051,AUTOGEN_FDA_BMM_2051,S,0.4543987,0.5456013,,,,
2052,AUTOGEN_FDA_BMM_2052,S,0.309300839,0.690699161,,,,
2053,AUTOGEN_FDA_BMM_2053,S,0.303929821,0.696070179,,,,
2054,AUTOGEN_FDA_BMM_2054,N,0.610582335,0.389417665,,,,
2055,AUTOGEN_FDA_BMM_2055,N,0.55371748,0.44628252,,,,
2056,AUTOGEN_FDA_BMM_2056,S,0.41196629,0.58803371,,,,
2057,AUTOGEN_FDA_BMM_2057,S,0.140585267,0.859414733,,,,
2058,AUTOGEN_FDA_BMM_2058,N,0.564332671,0.435667329,,,,
2059,AUTOGEN_FDA_BMM_2059,S,0.384776006,0.615223994,,,,
2060,AUTOGEN_FDA_BMM_2060,N,0.608408354,0.391591646,,,,
2061,AUTOGEN_FDA_BMM_2061,N,0.697755961,0.302244039,,,,
2062,AUTOGEN_FDA_BMM_2062,N,0.575420897,0.424579103,,,,
2063,AUTOGEN_FDA_BMM_2063,S,0.251409783,0.748590217,,,,
2064,AUTOGEN_FDA_BMM_2064,N,0.734122753,0.265877247,,,,
2065,AUTOGEN_FDA_BMM_2065,S,0.182657463,0.817342537,,,,
2066,AUTOGEN_FDA_BMM_2066,S,0.162743316,0.837256684,,,,
2067,AUTOGEN_FDA_BMM_2067,S,0.182657463,0.817342537,,,,
2068,AUTOGEN_FDA_BMM_2068,N,0.84631371,0.15368629,,,,
2069,AUTOGEN_FDA_BMM_2069,S,0.251409783,0.748590217,,,,
2070,AUTOGEN_FDA_BMM_2070,S,0.470905248,0.529094752,,,,
2071,AUTOGEN_FDA_BMM_2071,N,0.600612479,0.399387521,,,,
2072,AUTOGEN_FDA_BMM_2072,N,0.758347781,0.241652219,,,,
2073,AUTOGEN_FDA_BMM_2073,N,0.758347781,0.241652219,,,,
2074,AUTOGEN_FDA_BMM_2074,S,0.328090224,0.671909776,,,,
2075,AUTOGEN_FDA_BMM_2075,S,0.265894543,0.734105457,,,,
2076,AUTOGEN_FDA_BMM_2076,N,0.588289821,0.411710179,,,,
2077,AUTOGEN_FDA_BMM_2077,N,0.504203365,0.495796635,,,,
2078,AUTOGEN_FDA_BMM_2078,S,0.43354454,0.56645546,,,,
2079,AUTOGEN_FDA_BMM_2079,N,0.501422383,0.498577617,,,,
2080,AUTOGEN_FDA_BMM_2080,S,0.268720661,0.731279339,,,,
2081,AUTOGEN_FDA_BMM_2081,S,0.436671471,0.563328529,,,,
2082,AUTOGEN_FDA_BMM_2082,S,0.351778227,0.648221773,,,,
2083,AUTOGEN_FDA_BMM_2083,N,0.545104267,0.454895733,,,,
2084,AUTOGEN_FDA_BMM_2084,S,0.257790308,0.742209692,,,,
2085,AUTOGEN_FDA_BMM_2085,S,0.251409783,0.748590217,,,,
2086,AUTOGEN_FDA_BMM_2086,S,0.447087421,0.552912579,,,,
2087,AUTOGEN_FDA_BMM_2087,S,0.268316836,0.731683164,,,,
2088,AUTOGEN_FDA_BMM_2088,S,0.254460069,0.745539931,,,,
2089,AUTOGEN_FDA_BMM_2089,S,0.182657463,0.817342537,,,,
2090,AUTOGEN_FDA_BMM_2090,S,0.41196629,0.58803371,,,,
2091,AUTOGEN_FDA_BMM_2091,S,0.317676383,0.682323617,,,,
2092,AUTOGEN_FDA_BMM_2092,S,0.162743316,0.837256684,,,,
2093,AUTOGEN_FDA_BMM_2093,S,0.447826672,0.552173328,,,,
2094,AUTOGEN_FDA_BMM_2094,S,0.299519336,0.700480664,,,,
2095,AUTOGEN_FDA_BMM_2095,S,0.366862014,0.633137986,,,,
2096,AUTOGEN_FDA_BMM_2096,N,0.512227323,0.487772677,,,,
2097,AUTOGEN_FDA_BMM_2097,S,0.251409783,0.748590217,,,,
2098,AUTOGEN_FDA_BMM_2098,S,0.252547713,0.747452287,,,,
2099,AUTOGEN_FDA_BMM_2099,S,0.162743316,0.837256684,,,,
2100,AUTOGEN_FDA_BMM_2100,S,0.347174296,0.652825704,,,,
2101,AUTOGEN_FDA_BMM_2101,S,0.162743316,0.837256684,,,,
2102,AUTOGEN_FDA_BMM_2102,S,0.162743316,0.837256684,,,,
2103,AUTOGEN_FDA_BMM_2103,S,0.298822539,0.701177461,,,,
2104,AUTOGEN_FDA_BMM_2104,S,0.298822539,0.701177461,,,,
2105,AUTOGEN_FDA_BMM_2105,S,0.279182307,0.720817693,,,,
2106,AUTOGEN_FDA_BMM_2106,N,0.673586147,0.326413853,,,,
2107,AUTOGEN_FDA_BMM_2107,N,0.520105363,0.479894637,,,,
2108,AUTOGEN_FDA_BMM_2108,S,0.134597949,0.865402051,,,,
2109,AUTOGEN_FDA_BMM_2109,S,0.162743316,0.837256684,,,,
2110,AUTOGEN_FDA_BMM_2110,S,0.162743316,0.837256684,,,,
2111,AUTOGEN_FDA_BMM_2111,S,0.162743316,0.837256684,,,,
2112,AUTOGEN_FDA_BMM_2112,S,0.162743316,0.837256684,,,,
2113,AUTOGEN_FDA_BMM_2113,S,0.162743316,0.837256684,,,,
2114,AUTOGEN_FDA_BMM_2114,S,0.214721598,0.785278402,,,,
2115,AUTOGEN_FDA_BMM_2115,S,0.418527025,0.581472975,,,,
2116,AUTOGEN_FDA_BMM_2116,N,0.578332035,0.421667965,,,,
2117,AUTOGEN_FDA_BMM_2117,N,0.626315019,0.373684981,,,,
2118,AUTOGEN_FDA_BMM_2118,S,0.111501883,0.888498117,,,,
2119,AUTOGEN_FDA_BMM_2119,S,0.350709006,0.649290994,,,,
2120,AUTOGEN_FDA_BMM_2120,S,0.154140303,0.845859697,,,,
2121,AUTOGEN_FDA_BMM_2121,S,0.140585267,0.859414733,,,,
2122,AUTOGEN_FDA_BMM_2122,S,0.182657463,0.817342537,,,,
2123,AUTOGEN_FDA_BMM_2123,S,0.401735308,0.598264692,,,,
2124,AUTOGEN_FDA_BMM_2124,S,0.121741006,0.878258994,,,,
2125,AUTOGEN_FDA_BMM_2125,S,0.429694474,0.570305526,,,,
2126,AUTOGEN_FDA_BMM_2126,S,0.309300839,0.690699161,,,,
2127,AUTOGEN_FDA_BMM_2127,S,0.162743316,0.837256684,,,,
2128,AUTOGEN_FDA_BMM_2128,S,0.09558393,0.90441607,,,,
2129,AUTOGEN_FDA_BMM_2129,S,0.320964506,0.679035494,,,,
2130,AUTOGEN_FDA_BMM_2130,S,0.208409497,0.791590503,,,,
2131,AUTOGEN_FDA_BMM_2131,N,0.857264806,0.142735194,,,,
2132,AUTOGEN_FDA_BMM_2132,S,0.143232657,0.856767343,,,,
2133,AUTOGEN_FDA_BMM_2133,S,0.43439093,0.56560907,,,,
2134,AUTOGEN_FDA_BMM_2134,S,0.251409783,0.748590217,,,,
2135,AUTOGEN_FDA_BMM_2135,N,0.540628983,0.459371017,,,,
2136,AUTOGEN_FDA_BMM_2136,S,0.162743316,0.837256684,,,,
2137,AUTOGEN_FDA_BMM_2137,S,0.154140303,0.845859697,,,,
2138,AUTOGEN_FDA_BMM_2138,S,0.299382985,0.700617015,,,,
2139,AUTOGEN_FDA_BMM_2139,S,0.162743316,0.837256684,,,,
2140,AUTOGEN_FDA_BMM_2140,S,0.156676543,0.843323457,,,,
2141,AUTOGEN_FDA_BMM_2141,N,0.535060588,0.464939412,,,,
2142,AUTOGEN_FDA_BMM_2142,S,0.162743316,0.837256684,,,,
2143,AUTOGEN_FDA_BMM_2143,S,0.214721598,0.785278402,,,,
2144,AUTOGEN_FDA_BMM_2144,S,0.162743316,0.837256684,,,,
2145,AUTOGEN_FDA_BMM_2145,S,0.162743316,0.837256684,,,,
2146,AUTOGEN_FDA_BMM_2146,S,0.422752563,0.577247437,,,,
2147,AUTOGEN_FDA_BMM_2147,S,0.251409783,0.748590217,,,,
2148,AUTOGEN_FDA_BMM_2148,N,0.726674214,0.273325786,,,,
2149,AUTOGEN_FDA_BMM_2149,N,0.896203585,0.103796415,,,,
2150,AUTOGEN_FDA_BMM_2150,S,0.49509539,0.50490461,,,,
2151,AUTOGEN_FDA_BMM_2151,N,0.626315019,0.373684981,,,,
2152,AUTOGEN_FDA_BMM_2152,S,0.162743316,0.837256684,,,,
2153,AUTOGEN_FDA_BMM_2153,S,0.162743316,0.837256684,,,,
2154,AUTOGEN_FDA_BMM_2154,S,0.234846716,0.765153284,,,,
2155,AUTOGEN_FDA_BMM_2155,S,0.428715666,0.571284334,,,,
2156,AUTOGEN_FDA_BMM_2156,S,0.162743316,0.837256684,,,,
2157,AUTOGEN_FDA_BMM_2157,S,0.2454139,0.7545861,,,,
2158,AUTOGEN_FDA_BMM_2158,S,0.24425866,0.75574134,,,,
2159,AUTOGEN_FDA_BMM_2159,S,0.419473018,0.580526982,,,,
2160,AUTOGEN_FDA_BMM_2160,S,0.22459233,0.77540767,,,,
2161,AUTOGEN_FDA_BMM_2161,N,0.567245135,0.432754865,,,,
2162,AUTOGEN_FDA_BMM_2162,N,0.507402575,0.492597425,,,,
2163,AUTOGEN_FDA_BMM_2163,S,0.160875242,0.839124758,,,,
2164,AUTOGEN_FDA_BMM_2164,S,0.420622213,0.579377787,,,,
2165,AUTOGEN_FDA_BMM_2165,S,0.322576014,0.677423986,,,,
2166,AUTOGEN_FDA_BMM_2166,S,0.200889585,0.799110415,,,,
2167,AUTOGEN_FDA_BMM_2167,S,0.370835741,0.629164259,,,,
2168,AUTOGEN_FDA_BMM_2168,S,0.421444096,0.578555904,,,,
2169,AUTOGEN_FDA_BMM_2169,N,0.516706733,0.483293267,,,,
2170,AUTOGEN_FDA_BMM_2170,S,0.162743316,0.837256684,,,,
2171,AUTOGEN_FDA_BMM_2171,S,0.284845799,0.715154201,,,,
2172,AUTOGEN_FDA_BMM_2172,N,0.611254092,0.388745908,,,,
2173,AUTOGEN_FDA_BMM_2173,N,0.557992169,0.442007831,,,,
2174,AUTOGEN_FDA_BMM_2174,S,0.416780623,0.583219377,,,,
2175,AUTOGEN_FDA_BMM_2175,S,0.420571295,0.579428705,,,,
2176,AUTOGEN_FDA_BMM_2176,S,0.251409783,0.748590217,,,,
2177,AUTOGEN_FDA_BMM_2177,S,0.095662726,0.904337274,,,,
2178,AUTOGEN_FDA_BMM_2178,S,0.388268727,0.611731273,,,,
2179,AUTOGEN_FDA_BMM_2179,S,0.439798494,0.560201506,,,,
2180,AUTOGEN_FDA_BMM_2180,S,0.427012792,0.572987208,,,,
2181,AUTOGEN_FDA_BMM_2181,S,0.389766172,0.610233828,,,,
2182,AUTOGEN_FDA_BMM_2182,S,0.374046598,0.625953402,,,,
2183,AUTOGEN_FDA_BMM_2183,N,0.695349943,0.304650057,,,,
2184,AUTOGEN_FDA_BMM_2184,S,0.124696486,0.875303514,,,,
2185,AUTOGEN_FDA_BMM_2185,S,0.414962449,0.585037551,,,,
2186,AUTOGEN_FDA_BMM_2186,N,0.527111663,0.472888337,,,,
2187,AUTOGEN_FDA_BMM_2187,S,0.134597949,0.865402051,,,,
2188,AUTOGEN_FDA_BMM_2188,S,0.162743316,0.837256684,,,,
2189,AUTOGEN_FDA_BMM_2189,S,0.150491081,0.849508919,,,,
2190,AUTOGEN_FDA_BMM_2190,S,0.237609732,0.762390268,,,,
2191,AUTOGEN_FDA_BMM_2191,S,0.315630411,0.684369589,,,,
2192,AUTOGEN_FDA_BMM_2192,S,0.353573052,0.646426948,,,,
2193,AUTOGEN_FDA_BMM_2193,S,0.154140303,0.845859697,,,,
2194,AUTOGEN_FDA_BMM_2194,N,0.613502009,0.386497991,,,,
2195,AUTOGEN_FDA_BMM_2195,S,0.376147391,0.623852609,,,,
2196,AUTOGEN_FDA_BMM_2196,S,0.395885775,0.604114225,,,,
2197,AUTOGEN_FDA_BMM_2197,S,0.450079517,0.549920483,,,,
2198,AUTOGEN_FDA_BMM_2198,S,0.344042406,0.655957594,,,,
2199,AUTOGEN_FDA_BMM_2199,S,0.395148654,0.604851346,,,,
2200,AUTOGEN_FDA_BMM_2200,S,0.362418516,0.637581484,,,,
2201,AUTOGEN_FDA_BMM_2201,S,0.42785679,0.57214321,,,,
2202,AUTOGEN_FDA_BMM_2202,S,0.248713964,0.751286036,,,,
2203,AUTOGEN_FDA_BMM_2203,N,0.521819095,0.478180905,,,,
2204,AUTOGEN_FDA_BMM_2204,S,0.399525307,0.600474693,,,,
2205,AUTOGEN_FDA_BMM_2205,S,0.461814077,0.538185923,,,,
2206,AUTOGEN_FDA_BMM_2206,S,0.452557949,0.547442051,,,,
2207,AUTOGEN_FDA_BMM_2207,S,0.416624251,0.583375749,,,,
2208,AUTOGEN_FDA_BMM_2208,S,0.428765686,0.571234314,,,,
2209,AUTOGEN_FDA_BMM_2209,S,0.156676543,0.843323457,,,,
2210,AUTOGEN_FDA_BMM_2210,S,0.496897067,0.503102933,,,,
2211,AUTOGEN_FDA_BMM_2211,S,0.35326886,0.64673114,,,,
2212,AUTOGEN_FDA_BMM_2212,S,0.156676543,0.843323457,,,,
2213,AUTOGEN_FDA_BMM_2213,S,0.245102244,0.754897756,,,,
2214,AUTOGEN_FDA_BMM_2214,S,0.143232657,0.856767343,,,,
2215,AUTOGEN_FDA_BMM_2215,S,0.404074458,0.595925542,,,,
2216,AUTOGEN_FDA_BMM_2216,N,0.575841186,0.424158814,,,,
2217,AUTOGEN_FDA_BMM_2217,N,0.699044753,0.300955247,,,,
2218,AUTOGEN_FDA_BMM_2218,S,0.264081783,0.735918217,,,,
2219,AUTOGEN_FDA_BMM_2219,S,0.319648617,0.680351383,,,,
2220,AUTOGEN_FDA_BMM_2220,S,0.398917266,0.601082734,,,,
2221,AUTOGEN_FDA_BMM_2221,S,0.439366292,0.560633708,,,,
2222,AUTOGEN_FDA_BMM_2222,S,0.342734051,0.657265949,,,,
2223,AUTOGEN_FDA_BMM_2223,S,0.31366148,0.68633852,,,,
2224,AUTOGEN_FDA_BMM_2224,N,0.548858688,0.451141312,,,,
2225,AUTOGEN_FDA_BMM_2225,N,0.794122902,0.205877098,,,,
2226,AUTOGEN_FDA_BMM_2226,S,0.137852999,0.862147001,,,,
2227,AUTOGEN_FDA_BMM_2227,S,0.425043323,0.574956677,,,,
2228,AUTOGEN_FDA_BMM_2228,S,0.367806132,0.632193868,,,,
2229,AUTOGEN_FDA_BMM_2229,N,0.696763673,0.303236327,,,,
2230,AUTOGEN_FDA_BMM_2230,N,0.704380571,0.295619429,,,,
2231,AUTOGEN_FDA_BMM_2231,S,0.162743316,0.837256684,,,,
2232,AUTOGEN_FDA_BMM_2232,N,0.508280846,0.491719154,,,,
2233,AUTOGEN_FDA_BMM_2233,S,0.429130558,0.570869442,,,,
2234,AUTOGEN_FDA_BMM_2234,S,0.415038076,0.584961924,,,,
2235,AUTOGEN_FDA_BMM_2235,S,0.462277528,0.537722472,,,,
2236,AUTOGEN_FDA_BMM_2236,S,0.452211859,0.547788141,,,,
2237,AUTOGEN_FDA_BMM_2237,N,0.570337773,0.429662227,,,,
2238,AUTOGEN_FDA_BMM_2238,S,0.162743316,0.837256684,,,,
2239,AUTOGEN_FDA_BMM_2239,S,0.227409622,0.772590378,,,,
2240,AUTOGEN_FDA_BMM_2240,S,0.461266228,0.538733772,,,,
2241,AUTOGEN_FDA_BMM_2241,S,0.461266228,0.538733772,,,,
2242,AUTOGEN_FDA_BMM_2242,S,0.321180581,0.678819419,,,,
2243,AUTOGEN_FDA_BMM_2243,S,0.376289228,0.623710772,,,,
2244,AUTOGEN_FDA_BMM_2244,S,0.426860739,0.573139261,,,,
2245,DEPEN (penicillamine).cdx,S,0.370835741,0.629164259,,,,
2246,TAK-438.cdx,N,0.638266748,0.361733252,,,,
2247,AZD5363.cdx,S,0.406289422,0.593710578,,,,
2248,ABT-199.cdx,S,0.454843717,0.545156283,,,,
2249,Empagliflozin (BI10773).cdx,S,0.461274045,0.538725955,,,,
2250,Macitentan(ACT-064992).cdx,S,0.470526064,0.529473936,,,,
2251,AUTOGEN_FDA_BMM_2251,S,0.422042426,0.577957574,,,,
2252,Gemcitabine hydrochloride.cdx,S,0.391616193,0.608383807,,,,
2253,S1037.cdx,S,0.412437789,0.587562211,,,,
2254,Pamidronate Disodium.cdx,S,0.134597949,0.865402051,,,,
2255,Gabapentin hcl.cdx,S,0.419953085,0.580046915,,,,
2256,Galanthamine hydrobromide.cdx,S,0.095670606,0.904329394,,,,
2257,Granisetron Hydrochloride.cdx,S,0.313404069,0.686595931,,,,
2258,Dorzolamide HCL.cdx,S,0.431748913,0.568251087,,,,
2259,Mizoribine.cdx,S,0.414030178,0.585969822,,,,
2260,Varenicline tartrate.cdx,N,0.721685816,0.278314184,,,,
2261,ACEON (perindopril erbumine).cdx,S,0.42809055,0.57190945,,,,
2262,Cidofovir .cdx,S,0.184083492,0.815916508,,,,
2263,NEOPROFEN (ibuprofen lysine).cdx,S,0.154011246,0.845988754,,,,
2264,AUTOGEN_FDA_BMM_2264,S,0.358089343,0.641910657,,,,
2265,DEPOCYT (cytarabine).cdx,S,0.391616193,0.608383807,,,,
2266,Levamisole Hydrochloride.cdx,N,0.542214927,0.457785073,,,,
2267,NUTRESTORE (glutamine).cdx,S,0.410904979,0.589095021,,,,
2268,Tranexamic acid.cdx,S,0.162743316,0.837256684,,,,
2269,Etidronate.cdx,S,0.162743316,0.837256684,,,,
2270,OMNISCAN (gadodiamide).cdx,S,0.174125148,0.825874852,,,,
2271,PF-03084014.cdx,S,0.426053371,0.573946629,,,,
2272,Bardoxolone Methyl.cdx,S,0.125554259,0.874445741,,,,
2273,Pacritinib (SB1518).cdx,S,0.368164531,0.631835469,,,,
2274,Biapenem.cdx,S,0.3440799,0.6559201,,,,
2275,Teicoplanin.cdx,Notpredicted,Notpredicted,Notpredicted,,,,
2276,PD-0332991 hydrochloride.cdx,S,0.421552919,0.578447081,,,,
2277,PF-00080665.cdx,S,0.421552919,0.578447081,,,,
2278,"GDC-0973(XL518,RG7420.cdx",S,0.462101431,0.537898569,,,,
2279,Sotagliflozin (LX4211).cdx,S,0.40442252,0.59557748,,,,
2280,Vorapaxar (SCH 530348).cdx,S,0.441123279,0.558876721,,,,
2281,CB-5083.cdx,S,0.389912673,0.610087327,,,,
2282,Riociguat(BAY 63-2521).cdx,S,0.442033025,0.557966975,,,,
2283,Resiquimod.cdx,S,0.443064341,0.556935659,,,,
2284,Radotinib (IY-5511).cdx,S,0.478427362,0.521572638,,,,
2285,Daprodustat (GSK1278863).cdx,S,0.140585267,0.859414733,,,,
2286,Pimavanserin (ACP-103).cdx,S,0.33675888,0.66324112,,,,
2287,Oclacitinib maleate.cdx,N,0.392305153,0.607694847,,,,
2288,Acalabrutinib.cdx,S,0.633691344,0.366308656,,,,
2289,AG-120 (Ivosidenib).cdx,S,0.488406576,0.511593424,,,,
2290,Halofuginone.cdx,S,0.412345405,0.587654595,,,,
2291,Ponesimod (ACT-128800).cdx,S,0.432639119,0.567360881,,,,
2292,AG-221 (Enasidenib).cdx,N,0.474114329,0.525885671,,,,
2293,Sivelestat (ONO-5046).cdx,S,0.620998341,0.379001659,,,,
2294,"Olmutinib (HM61713, BI 1482694).cdx",S,0.412022195,0.587977805,,,,
2295,S4684 Sildenafil.cdx,S,0.434139405,0.565860595,,,,
2296,Polymyxin B sulphate.cdx,S,0.437665067,0.562334933,,,,
2297,"ARRY-380 (ONT-380, Irbinitinib).cdx",S,0.474980003,0.525019997,,,,
2298,JNJ-42756493 (Erdafitinib).cdx,S,0.439562895,0.560437105,,,,
2299,ONO-4059 (GS-4059).cdx,S,0.475578023,0.524421977,,,,
2300,TGR-1202.cdx,S,0.426336806,0.573663194,,,,
2301,Troglitazone (CS-045).cdx,S,0.338003857,0.661996143,,,,
2302,TAS-102.cdx,N,0.410562093,0.589437907,,,,
2303,Omarigliptin (MK-3102).cdx,S,0.536666914,0.463333086,,,,
2304,Tirofiban Hydrochloride.cdx,S,0.393373662,0.606626338,,,,
2305,TPX-0005.cdx,S,0.475958913,0.524041087,,,,
2306,GBT440.cdx,S,0.460201201,0.539798799,,,,
2307,Tofogliflozin(CSG 452).cdx,S,0.428336586,0.571663414,,,,
2308,Sodium dichloroacetate(DCA).cdx,S,0.162743316,0.837256684,,,,
2309,Tucidinostat (Chidamide).cdx,S,0.476620751,0.523379249,,,,
2310,Ipragliflozin(ASP1941).cdx,S,0.421655757,0.578344243,,,,
2311,PF-06651600.cdx,S,0.481172912,0.518827088,,,,
2312,Asciminib(ABL001).cdx,S,0.463957016,0.536042984,,,,
2313,Anlotinib (AL3818).cdx,S,0.457258596,0.542741404,,,,
2314,Apremilast (CC-10004).cdx,N,0.433621364,0.566378636,,,,
2315,S9329 Orcinol.cdx,S,0.608408354,0.391591646,,,,
2316,S9354 Oxalic acid.cdx,S,0.162743316,0.837256684,,,,
2317,S9368 ADP.cdx,S,0.441250362,0.558749638,,,,
2318,S9400 Rhynchophylline.cdx,N,0.457860803,0.542139197,,,,
2319,S9413 Yangonin.cdx,S,0.521858012,0.478141988,,,,
2320,S9416 Triptonide.cdx,S,0.362383997,0.637616003,,,,
2321,S9001 Malic acid.cdx,S,0.162743316,0.837256684,,,,
2322,AUTOGEN_FDA_BMM_2322,S,0.470444413,0.529555587,,,,
2323,AUTOGEN_FDA_BMM_2323,N,0.44994086,0.55005914,,,,
2324,AUTOGEN_FDA_BMM_2324,S,0.525614534,0.474385466,,,,
2325,S9002 L-Fucose.cdx,S,0.162743316,0.837256684,,,,
2326,S9003 (R)-(-)-Mandelic acid.cdx,S,0.162743316,0.837256684,,,,
2327,S9007 2'-Deoxyguanosine monohydrate.cdx,S,0.453768574,0.546231426,,,,
2328,S9015 Homoharringtonine.cdx,S,0.409667727,0.590332273,,,,
2329,S9028 Cimifugin.cdx,N,0.379825654,0.620174346,,,,
2330,S9050 Boldine.cdx,N,0.742891766,0.257108234,,,,
2331,S9053 Irisflorentin.cdx,S,0.532323039,0.467676961,,,,
2332,S9063 Harringtonine.cdx,N,0.409667727,0.590332273,,,,
2333,S9086 Dihydrocapsaicin.cdx,S,0.725014579,0.274985421,,,,
2334,AUTOGEN_FDA_BMM_2334,N,0.199246877,0.800753123,,,,
2335,S9102 Magnolin.cdx,N,0.678826938,0.321173062,,,,
2336,S9110 Morin.cdx,N,0.547224762,0.452775238,,,,
2337,S9111 Isorhamnetin.cdx,S,0.547224762,0.452775238,,,,
2338,S9123 Eriodictyol.cdx,S,0.497230429,0.502769571,,,,
2339,S9140 Pulegone.cdx,N,0.140585267,0.859414733,,,,
2340,S9141 Berbamine.cdx,S,0.507402575,0.492597425,,,,
2341,S9142 Sparteine.cdx,S,0.214721598,0.785278402,,,,
2342,S9143 Ammonium Glycyrrhizate.cdx,S,0.243082773,0.756917227,,,,
2343,S9171 Harpagoside.cdx,S,0.458373387,0.541626613,,,,
2344,S9179 Catharanthine hemitartrate.cdx,S,0.400116875,0.599883125,,,,
2345,S9183 Ruscogenin.cdx,N,0.251197019,0.748802981,,,,
2346,S9192 Vitexin.cdx,S,0.556377488,0.443622512,,,,
2347,S9200 Pneumocandin B0.cdx,S,0.443623127,0.556376873,,,,
2348,S9212 Melamine.cdx,S,0.162743316,0.837256684,,,,
2349,S9222 Dipotassium glycyrrhizinate.cdx,S,0.243082773,0.756917227,,,,
2350,S9224 Dehydroandrographolide Succinate.cdx,S,0.351890979,0.648109021,,,,
2351,S9227 Sinensetin.cdx,N,0.362064538,0.637935462,,,,
2352,S9240 Isofraxidin.cdx,N,0.734122753,0.265877247,,,,
2353,S9248 Homoorientin.cdx,S,0.554364779,0.445635221,,,,
2354,S9249 Securinine.cdx,N,0.332345544,0.667654456,,,,
2355,S9252 Corydaline.cdx,S,0.514838489,0.485161511,,,,
2356,S9263 3-n-Butylphathlide.cdx,N,0.391143425,0.608856575,,,,
2357,S9270 Dracohodin perochlorate.cdx,S,0.543026201,0.456973799,,,,
2358,S9281 Peimine.cdx,N,0.248563141,0.751436859,,,,
2359,S9285 Fargesin.cdx,N,0.529623578,0.470376422,,,,
2360,S9288 Casticin.cdx,N,0.502724595,0.497275405,,,,
2361,S9294 Gelsemine.cdx,S,0.549573733,0.450426267,,,,
2362,S9311 Germacrone.cdx,S,0.140585267,0.859414733,,,,
2363,S9321 Topotecan.cdx,S,0.339045382,0.660954618,,,,
2364,S9326 Scopolamine.cdx,S,0.398256207,0.601743793,,,,
2365,S9500 Valbenazine tosylate.cdx,S,0.467805065,0.532194935,,,,
2366,S9327 Carboprost.cdx,S,0.199246877,0.800753123,,,,
2367,S5617 Myristic Acid.cdx,S,0.251409783,0.748590217,,,,
2368,S9046 Berberine.cdx,S,0.434077309,0.565922691,,,,
2369,S9024 AKBA.cdx,S,0.254139129,0.745860871,,,,
2370,S9032 Sanguinarine.cdx,S,0.400460999,0.599539001,,,,
2371,S9042 Wedelolactone.cdx,S,0.403987028,0.596012972,,,,
2372,S9019 Quillaic acid.cdx,N,0.141908448,0.858091552,,,,
2373,S9349 D-(+)-Raffinose pentahydrate.cdx,S,0.626315019,0.373684981,,,,
2374,S9351 2'-Deoxyadenosine monohydrate.cdx,S,0.426579453,0.573420547,,,,
2375,S9373 Neryl acetate.cdx,S,0.164373604,0.835626396,,,,
2376,S9338 Octyl gallate.cdx,N,0.370801955,0.629198045,,,,
2377,"S9380 5,7-Dihydroxy-4-methylcoumarin.cdx",S,0.641991591,0.358008409,,,,
2378,S9382 Thymine.cdx,S,0.303163236,0.696836764,,,,
2379,S9383 Methyl palmitate.cdx,S,0.251409783,0.748590217,,,,
2380,AUTOGEN_FDA_BMM_2380,S,0.367316962,0.632683038,,,,
2381,AUTOGEN_FDA_BMM_2381,S,0.298822539,0.701177461,,,,
2382,AUTOGEN_FDA_BMM_2382,S,0.412694728,0.587305272,,,,
2383,AUTOGEN_FDA_BMM_2383,S,0.214721598,0.785278402,,,,
2384,AUTOGEN_FDA_BMM_2384,N,0.251409783,0.748590217,,,,
2385,AUTOGEN_FDA_BMM_2385,S,0.638431445,0.361568555,,,,
2386,AUTOGEN_FDA_BMM_2386,N,0.251409783,0.748590217,,,,
2387,AUTOGEN_FDA_BMM_2387,S,0.589100741,0.410899259,,,,
2388,AUTOGEN_FDA_BMM_2388,S,0.466056854,0.533943146,,,,
2389,AUTOGEN_FDA_BMM_2389,S,0.306935731,0.693064269,,,,
2390,AUTOGEN_FDA_BMM_2390,S,0.154140303,0.845859697,,,,
2391,AUTOGEN_FDA_BMM_2391,S,0.327724592,0.672275408,,,,
2392,AUTOGEN_FDA_BMM_2392,S,0.320795785,0.679204215,,,,
2393,AUTOGEN_FDA_BMM_2393,N,0.257790308,0.742209692,,,,
2394,AUTOGEN_FDA_BMM_2394,S,0.591658463,0.408341537,,,,
2395,AUTOGEN_FDA_BMM_2395,N,0.123633516,0.876366484,,,,
2396,AUTOGEN_FDA_BMM_2396,N,0.608408354,0.391591646,,,,
2397,AUTOGEN_FDA_BMM_2397,S,0.550413869,0.449586131,,,,
2398,AUTOGEN_FDA_BMM_2398,S,0.320802357,0.679197643,,,,
2399,AUTOGEN_FDA_BMM_2399,S,0.417403639,0.582596361,,,,
2400,AUTOGEN_FDA_BMM_2400,S,0.435125031,0.564874969,,,,
2401,AUTOGEN_FDA_BMM_2401,S,0.398256207,0.601743793,,,,
2402,AUTOGEN_FDA_BMM_2402,N,0.391874834,0.608125166,,,,
2403,AUTOGEN_FDA_BMM_2403,S,0.538948699,0.461051301,,,,
2404,AUTOGEN_FDA_BMM_2404,S,0.44898328,0.55101672,,,,
2405,AUTOGEN_FDA_BMM_2405,S,0.444381095,0.555618905,,,,
2406,AUTOGEN_FDA_BMM_2406,N,0.409582657,0.590417343,,,,
2407,AUTOGEN_FDA_BMM_2407,S,0.561753502,0.438246498,,,,
2408,AUTOGEN_FDA_BMM_2408,S,0.429866578,0.570133422,,,,
2409,AUTOGEN_FDA_BMM_2409,S,0.493378336,0.506621664,,,,
2410,AUTOGEN_FDA_BMM_2410,S,0.445758689,0.554241311,,,,
2411,AUTOGEN_FDA_BMM_2411,S,0.330285848,0.669714152,,,,
2412,AUTOGEN_FDA_BMM_2412,S,0.356079457,0.643920543,,,,
2413,AUTOGEN_FDA_BMM_2413,S,0.251409783,0.748590217,,,,
2414,AUTOGEN_FDA_BMM_2414,S,0.309495725,0.690504275,,,,
2415,AUTOGEN_FDA_BMM_2415,N,0.447112804,0.552887196,,,,
2416,AUTOGEN_FDA_BMM_2416,S,0.516094724,0.483905276,,,,
2417,AUTOGEN_FDA_BMM_2417,S,0.444293716,0.555706284,,,,
2418,AUTOGEN_FDA_BMM_2418,S,0.288632752,0.711367248,,,,
2419,AUTOGEN_FDA_BMM_2419,S,0.461266228,0.538733772,,,,
2420,AUTOGEN_FDA_BMM_2420,S,0.444224346,0.555775654,,,,
2421,AUTOGEN_FDA_BMM_2421,S,0.353183117,0.646816883,,,,
2422,AUTOGEN_FDA_BMM_2422,S,0.355981552,0.644018448,,,,
2423,AUTOGEN_FDA_BMM_2423,S,0.378683914,0.621316086,,,,
2424,AUTOGEN_FDA_BMM_2424,S,0.353230302,0.646769698,,,,
2425,AUTOGEN_FDA_BMM_2425,N,0.41939953,0.58060047,,,,
2426,AUTOGEN_FDA_BMM_2426,S,0.572370137,0.427629863,,,,
2427,AUTOGEN_FDA_BMM_2427,S,0.431774295,0.568225705,,,,
2428,AUTOGEN_FDA_BMM_2428,S,0.313054935,0.686945065,,,,
2429,AUTOGEN_FDA_BMM_2429,N,0.375933539,0.624066461,,,,
2430,AUTOGEN_FDA_BMM_2430,N,0.511176387,0.488823613,,,,
2431,AUTOGEN_FDA_BMM_2431,S,0.57899659,0.42100341,,,,
2432,AUTOGEN_FDA_BMM_2432,S,0.472892192,0.527107808,,,,
2433,AUTOGEN_FDA_BMM_2433,S,0.449356559,0.550643441,,,,
2434,AUTOGEN_FDA_BMM_2434,S,0.42072158,0.57927842,,,,
2435,AUTOGEN_FDA_BMM_2435,S,0.459440414,0.540559586,,,,
2436,AUTOGEN_FDA_BMM_2436,S,0.440852254,0.559147746,,,,
2437,AUTOGEN_FDA_BMM_2437,S,0.445429719,0.554570281,,,,
2438,AUTOGEN_FDA_BMM_2438,N,0.422146879,0.577853121,,,,
2439,AUTOGEN_FDA_BMM_2439,N,0.537933536,0.462066464,,,,
2440,AUTOGEN_FDA_BMM_2440,S,0.578332035,0.421667965,,,,
2441,AUTOGEN_FDA_BMM_2441,S,0.476302068,0.523697932,,,,
2442,AUTOGEN_FDA_BMM_2442,S,0.401898919,0.598101081,,,,
2443,AUTOGEN_FDA_BMM_2443,S,0.439821943,0.560178057,,,,
2444,AUTOGEN_FDA_BMM_2444,S,0.388445303,0.611554697,,,,
2445,AUTOGEN_FDA_BMM_2445,N,0.39597673,0.60402327,,,,
2446,AUTOGEN_FDA_BMM_2446,S,0.625860046,0.374139954,,,,
2447,AUTOGEN_FDA_BMM_2447,S,0.454799663,0.545200337,,,,
2448,AUTOGEN_FDA_BMM_2448,S,0.391813444,0.608186556,,,,
2449,AUTOGEN_FDA_BMM_2449,S,0.470095225,0.529904775,,,,
2450,AUTOGEN_FDA_BMM_2450,S,0.370835741,0.629164259,,,,
2451,AUTOGEN_FDA_BMM_2451,S,0.407829115,0.592170885,,,,
2452,AUTOGEN_FDA_BMM_2452,S,0.329846252,0.670153748,,,,
2453,AUTOGEN_FDA_BMM_2453,N,0.463186509,0.536813491,,,,
2454,AUTOGEN_FDA_BMM_2454,N,0.765428916,0.234571084,,,,
2455,AUTOGEN_FDA_BMM_2455,S,0.528059801,0.471940199,,,,
2456,AUTOGEN_FDA_BMM_2456,S,0.421655757,0.578344243,,,,
2457,AUTOGEN_FDA_BMM_2457,S,0.454755721,0.545244279,,,,
2458,AUTOGEN_FDA_BMM_2458,S,0.437220581,0.562779419,,,,
2459,AUTOGEN_FDA_BMM_2459,S,0.212988654,0.787011346,,,,
2460,AUTOGEN_FDA_BMM_2460,N,0.340294432,0.659705568,,,,
2461,AUTOGEN_FDA_BMM_2461,S,0.654994581,0.345005419,,,,
2462,AUTOGEN_FDA_BMM_2462,S,0.412200501,0.587799499,,,,
2463,AUTOGEN_FDA_BMM_2463,S,0.415984563,0.584015437,,,,
2464,AUTOGEN_FDA_BMM_2464,S,0.234846716,0.765153284,,,,
2465,AUTOGEN_FDA_BMM_2465,S,0.395970706,0.604029294,,,,
2466,AUTOGEN_FDA_BMM_2466,S,0.251409783,0.748590217,,,,
2467,AUTOGEN_FDA_BMM_2467,S,0.336870976,0.663129024,,,,
2468,AUTOGEN_FDA_BMM_2468,S,0.43753921,0.56246079,,,,
2469,AUTOGEN_FDA_BMM_2469,S,0.405942572,0.594057428,,,,
2470,AUTOGEN_FDA_BMM_2470,S,0.436846699,0.563153301,,,,
2471,AUTOGEN_FDA_BMM_2471,N,0.447826672,0.552173328,,,,
2472,AUTOGEN_FDA_BMM_2472,S,0.515105763,0.484894237,,,,
2473,AUTOGEN_FDA_BMM_2473,S,0.430316727,0.569683273,,,,
2474,AUTOGEN_FDA_BMM_2474,S,0.482721822,0.517278178,,,,
2475,AUTOGEN_FDA_BMM_2475,S,0.443994459,0.556005541,,,,
2476,AUTOGEN_FDA_BMM_2476,S,0.315630411,0.684369589,,,,
2477,AUTOGEN_FDA_BMM_2477,S,0.331675065,0.668324935,,,,
2478,AUTOGEN_FDA_BMM_2478,N,0.461047464,0.538952536,,,,
2479,AUTOGEN_FDA_BMM_2479,N,0.550945924,0.449054076,,,,
2480,AUTOGEN_FDA_BMM_2480,N,0.593193193,0.406806807,,,,
2481,AUTOGEN_FDA_BMM_2481,N,0.540576438,0.459423562,,,,
2482,AUTOGEN_FDA_BMM_2482,S,0.514110573,0.485889427,,,,
2483,AUTOGEN_FDA_BMM_2483,S,0.341445015,0.658554985,,,,
2484,AUTOGEN_FDA_BMM_2484,S,0.162743316,0.837256684,,,,
2485,AUTOGEN_FDA_BMM_2485,S,0.251409783,0.748590217,,,,
2486,AUTOGEN_FDA_BMM_2486,S,0.162743316,0.837256684,,,,
2487,AUTOGEN_FDA_BMM_2487,S,0.251409783,0.748590217,,,,
2488,AUTOGEN_FDA_BMM_2488,S,0.234846716,0.765153284,,,,
2489,AUTOGEN_FDA_BMM_2489,S,0.162743316,0.837256684,,,,
2490,AUTOGEN_FDA_BMM_2490,S,0.162743316,0.837256684,,,,
2491,AUTOGEN_FDA_BMM_2491,S,0.327168236,0.672831764,,,,
2492,AUTOGEN_FDA_BMM_2492,S,0.162743316,0.837256684,,,,
2493,AUTOGEN_FDA_BMM_2493,S,0.174125148,0.825874852,,,,
2494,AUTOGEN_FDA_BMM_2494,S,0.162743316,0.837256684,,,,
2495,AUTOGEN_FDA_BMM_2495,N,0.162743316,0.837256684,,,,
2496,AUTOGEN_FDA_BMM_2496,S,0.507389423,0.492610577,,,,
2497,AUTOGEN_FDA_BMM_2497,S,0.140585267,0.859414733,,,,
2498,AUTOGEN_FDA_BMM_2498,S,0.162743316,0.837256684,,,,
2499,AUTOGEN_FDA_BMM_2499,S,0.134597949,0.865402051,,,,
2500,AUTOGEN_FDA_BMM_2500,S,0.182657463,0.817342537,,,,
2501,AUTOGEN_FDA_BMM_2501,S,0.298822539,0.701177461,,,,
2502,AUTOGEN_FDA_BMM_2502,S,0.456299478,0.543700522,,,,
2503,AUTOGEN_FDA_BMM_2503,S,0.436415233,0.563584767,,,,
2504,AUTOGEN_FDA_BMM_2504,S,0.41444538,0.58555462,,,,
2505,AUTOGEN_FDA_BMM_2505,S,0.369418816,0.630581184,,,,
2506,AUTOGEN_FDA_BMM_2506,N,0.227465467,0.772534533,,,,
2507,AUTOGEN_FDA_BMM_2507,S,0.562785895,0.437214105,,,,
2508,AUTOGEN_FDA_BMM_2508,N,0.214721598,0.785278402,,,,
2509,AUTOGEN_FDA_BMM_2509,S,0.522548589,0.477451411,,,,
2510,AUTOGEN_FDA_BMM_2510,S,0.214721598,0.785278402,,,,
2511,AUTOGEN_FDA_BMM_2511,S,0.40354373,0.59645627,,,,
2512,AUTOGEN_FDA_BMM_2512,N,0.394662507,0.605337493,,,,
2513,AUTOGEN_FDA_BMM_2513,S,0.61242178,0.38757822,,,,
2514,AUTOGEN_FDA_BMM_2514,S,0.429533923,0.570466077,,,,
2515,AUTOGEN_FDA_BMM_2515,S,0.237479659,0.762520341,,,,
2516,AUTOGEN_FDA_BMM_2516,S,0.240192232,0.759807768,,,,
2517,AUTOGEN_FDA_BMM_2517,S,0.430133643,0.569866357,,,,
2518,AUTOGEN_FDA_BMM_2518,S,0.461266228,0.538733772,,,,
2519,AUTOGEN_FDA_BMM_2519,N,0.306231623,0.693768377,,,,
2520,AUTOGEN_FDA_BMM_2520,S,0.512047102,0.487952898,,,,
2521,AUTOGEN_FDA_BMM_2521,N,0.403543147,0.596456853,,,,
2522,AUTOGEN_FDA_BMM_2522,N,0.525349292,0.474650708,,,,
2523,AUTOGEN_FDA_BMM_2523,S,0.626315019,0.373684981,,,,
2524,AUTOGEN_FDA_BMM_2524,N,0.423255822,0.576744178,,,,
2525,AUTOGEN_FDA_BMM_2525,N,0.504358048,0.495641952,,,,
2526,AUTOGEN_FDA_BMM_2526,N,0.796150357,0.203849643,,,,
2527,AUTOGEN_FDA_BMM_2527,S,0.532760641,0.467239359,,,,
2528,AUTOGEN_FDA_BMM_2528,S,0.154011246,0.845988754,,,,
2529,AUTOGEN_FDA_BMM_2529,S,0.496563457,0.503436543,,,,
2530,AUTOGEN_FDA_BMM_2530,S,0.400655019,0.599344981,,,,
2531,AUTOGEN_FDA_BMM_2531,S,0.383783568,0.616216432,,,,
2532,AUTOGEN_FDA_BMM_2532,S,0.38991101,0.61008899,,,,
2533,AUTOGEN_FDA_BMM_2533,S,0.367806132,0.632193868,,,,
2534,AUTOGEN_FDA_BMM_2534,S,0.247151958,0.752848042,,,,
2535,AUTOGEN_FDA_BMM_2535,S,0.43971862,0.56028138,,,,
2536,AUTOGEN_FDA_BMM_2536,N,0.406471587,0.593528413,,,,
2537,AUTOGEN_FDA_BMM_2537,S,0.603852592,0.396147408,,,,
2538,AUTOGEN_FDA_BMM_2538,S,0.327983148,0.672016852,,,,
2539,AUTOGEN_FDA_BMM_2539,S,0.373491036,0.626508964,,,,
2540,AUTOGEN_FDA_BMM_2540,S,0.251409783,0.748590217,,,,
2541,AUTOGEN_FDA_BMM_2541,S,0.244769725,0.755230275,,,,
2542,AUTOGEN_FDA_BMM_2542,S,0.41672158,0.58327842,,,,
2543,AUTOGEN_FDA_BMM_2543,S,0.486143148,0.513856852,,,,
2544,AUTOGEN_FDA_BMM_2544,S,0.198906527,0.801093473,,,,
2545,AUTOGEN_FDA_BMM_2545,S,0.275364983,0.724635017,,,,
2546,AUTOGEN_FDA_BMM_2546,S,0.461266228,0.538733772,,,,
2547,AUTOGEN_FDA_BMM_2547,S,0.467088645,0.532911355,,,,
2548,AUTOGEN_FDA_BMM_2548,S,0.288632752,0.711367248,,,,
2549,AUTOGEN_FDA_BMM_2549,S,0.162743316,0.837256684,,,,
2550,AUTOGEN_FDA_BMM_2550,S,0.334779481,0.665220519,,,,
2551,AUTOGEN_FDA_BMM_2551,S,0.423186439,0.576813561,,,,
2552,AUTOGEN_FDA_BMM_2552,S,0.273175864,0.726824136,,,,
2553,AUTOGEN_FDA_BMM_2553,S,0.227500479,0.772499521,,,,
2554,AUTOGEN_FDA_BMM_2554,S,0.4543987,0.5456013,,,,
2555,AUTOGEN_FDA_BMM_2555,S,0.162743316,0.837256684,,,,
2556,AUTOGEN_FDA_BMM_2556,N,0.162743316,0.837256684,,,,
2557,AUTOGEN_FDA_BMM_2557,S,0.626315019,0.373684981,,,,
2558,AUTOGEN_FDA_BMM_2558,S,0.432220567,0.567779433,,,,
2559,AUTOGEN_FDA_BMM_2559,S,0.384334991,0.615665009,,,,
2560,AUTOGEN_FDA_BMM_2560,S,0.334779481,0.665220519,,,,
2561,AUTOGEN_FDA_BMM_2561,S,0.370835741,0.629164259,,,,
2562,AUTOGEN_FDA_BMM_2562,S,0.095554362,0.904445638,,,,
2563,AUTOGEN_FDA_BMM_2563,N,0.430133643,0.569866357,,,,
2564,AUTOGEN_FDA_BMM_2564,N,0.764082992,0.235917008,,,,
2565,AUTOGEN_FDA_BMM_2565,S,0.680937752,0.319062248,,,,
2566,AUTOGEN_FDA_BMM_2566,S,0.441263726,0.558736274,,,,
2567,AUTOGEN_FDA_BMM_2567,N,0.449023035,0.550976965,,,,
2568,AUTOGEN_FDA_BMM_2568,S,0.716048211,0.283951789,,,,
2569,AUTOGEN_FDA_BMM_2569,S,0.405942572,0.594057428,,,,
2570,AUTOGEN_FDA_BMM_2570,S,0.379179234,0.620820766,,,,
2571,AUTOGEN_FDA_BMM_2571,S,0.162743316,0.837256684,,,,
2572,AUTOGEN_FDA_BMM_2572,S,0.392804042,0.607195958,,,,
2573,AUTOGEN_FDA_BMM_2573,S,0.162743316,0.837256684,,,,
2574,AUTOGEN_FDA_BMM_2574,S,0.465704123,0.534295877,,,,
2575,AUTOGEN_FDA_BMM_2575,N,0.415008255,0.584991745,,,,
2576,AUTOGEN_FDA_BMM_2576,S,0.549198301,0.450801699,,,,
2577,AUTOGEN_FDA_BMM_2577,S,0.371137956,0.628862044,,,,
2578,AUTOGEN_FDA_BMM_2578,S,0.162743316,0.837256684,,,,
2579,AUTOGEN_FDA_BMM_2579,S,0.315630411,0.684369589,,,,
2580,AUTOGEN_FDA_BMM_2580,S,0.446839802,0.553160198,,,,
2581,AUTOGEN_FDA_BMM_2581,S,0.138113964,0.861886036,,,,
2582,AUTOGEN_FDA_BMM_2582,S,0.275816608,0.724183392,,,,
2583,AUTOGEN_FDA_BMM_2583,S,0.409232674,0.590767326,,,,
2584,AUTOGEN_FDA_BMM_2584,S,0.413427335,0.586572665,,,,
2585,AUTOGEN_FDA_BMM_2585,N,0.312580711,0.687419289,,,,
2586,AUTOGEN_FDA_BMM_2586,S,0.514323801,0.485676199,,,,
2587,AUTOGEN_FDA_BMM_2587,S,0.24722376,0.75277624,,,,
2588,AUTOGEN_FDA_BMM_2588,S,0.162743316,0.837256684,,,,
2589,AUTOGEN_FDA_BMM_2589,N,0.227409622,0.772590378,,,,
2590,AUTOGEN_FDA_BMM_2590,S,0.534225035,0.465774965,,,,
2591,AUTOGEN_FDA_BMM_2591,S,0.174689103,0.825310897,,,,
2592,AUTOGEN_FDA_BMM_2592,S,0.396825907,0.603174093,,,,
2593,AUTOGEN_FDA_BMM_2593,N,0.499303048,0.500696952,,,,
2594,AUTOGEN_FDA_BMM_2594,S,0.680937752,0.319062248,,,,
2595,AUTOGEN_FDA_BMM_2595,S,0.208715826,0.791284174,,,,
2596,AUTOGEN_FDA_BMM_2596,S,0.355731815,0.644268185,,,,
2597,AUTOGEN_FDA_BMM_2597,S,0.342648878,0.657351122,,,,
2598,AUTOGEN_FDA_BMM_2598,S,0.448350798,0.551649202,,,,
2599,AUTOGEN_FDA_BMM_2599,N,0.499165402,0.500834598,,,,
2600,AUTOGEN_FDA_BMM_2600,S,0.665514961,0.334485039,,,,
2601,AUTOGEN_FDA_BMM_2601,S,0.422042426,0.577957574,,,,
2602,AUTOGEN_FDA_BMM_2602,S,0.413427335,0.586572665,,,,
2603,AUTOGEN_FDA_BMM_2603,S,0.435624704,0.564375296,,,,
2604,AUTOGEN_FDA_BMM_2604,S,0.406471587,0.593528413,,,,
2605,AUTOGEN_FDA_BMM_2605,S,0.315831114,0.684168886,,,,
2606,AUTOGEN_FDA_BMM_2606,S,0.162743316,0.837256684,,,,
2607,AUTOGEN_FDA_BMM_2607,S,0.411718164,0.588281836,,,,
2608,AUTOGEN_FDA_BMM_2608,S,0.162743316,0.837256684,,,,
2609,AUTOGEN_FDA_BMM_2609,S,0.354728203,0.645271797,,,,
2610,AUTOGEN_FDA_BMM_2610,N,0.406773196,0.593226804,,,,
2611,AUTOGEN_FDA_BMM_2611,S,0.545692947,0.454307053,,,,
2612,AUTOGEN_FDA_BMM_2612,S,0.400276593,0.599723407,,,,
2613,AUTOGEN_FDA_BMM_2613,S,0.335812152,0.664187848,,,,
2614,AUTOGEN_FDA_BMM_2614,S,0.467790143,0.532209857,,,,
2615,AUTOGEN_FDA_BMM_2615,N,0.474114329,0.525885671,,,,
2616,AUTOGEN_FDA_BMM_2616,N,0.627016521,0.372983479,,,,
2617,AUTOGEN_FDA_BMM_2617,S,0.520568078,0.479431922,,,,
2618,AUTOGEN_FDA_BMM_2618,N,0.162743316,0.837256684,,,,
2619,AUTOGEN_FDA_BMM_2619,N,0.502096093,0.497903907,,,,
2620,AUTOGEN_FDA_BMM_2620,S,0.796150357,0.203849643,,,,
2621,AUTOGEN_FDA_BMM_2621,S,0.460648521,0.539351479,,,,
2622,AUTOGEN_FDA_BMM_2622,S,0.388291906,0.611708094,,,,
2623,AUTOGEN_FDA_BMM_2623,N,0.300972818,0.699027182,,,,
2624,AUTOGEN_FDA_BMM_2624,N,0.626315019,0.373684981,,,,
2625,AUTOGEN_FDA_BMM_2625,S,0.626315019,0.373684981,,,,
2626,AUTOGEN_FDA_BMM_2626,S,0.162743316,0.837256684,,,,
2627,AUTOGEN_FDA_BMM_2627,S,0.195499682,0.804500318,,,,
2628,AUTOGEN_FDA_BMM_2628,S,0.41672158,0.58327842,,,,
2629,AUTOGEN_FDA_BMM_2629,S,0.467088645,0.532911355,,,,
2630,AUTOGEN_FDA_BMM_2630,S,0.46087432,0.53912568,,,,
2631,AUTOGEN_FDA_BMM_2631,S,0.399321057,0.600678943,,,,
2632,AUTOGEN_FDA_BMM_2632,S,0.456697032,0.543302968,,,,
2633,AUTOGEN_FDA_BMM_2633,S,0.429719291,0.570280709,,,,
2634,AUTOGEN_FDA_BMM_2634,S,0.41491318,0.58508682,,,,
2635,AUTOGEN_FDA_BMM_2635,S,0.245564159,0.754435841,,,,
2636,AUTOGEN_FDA_BMM_2636,S,0.396323878,0.603676122,,,,
2637,AUTOGEN_FDA_BMM_2637,S,0.398313647,0.601686353,,,,
2638,AUTOGEN_FDA_BMM_2638,S,0.421018165,0.578981835,,,,
2639,AUTOGEN_FDA_BMM_2639,S,0.409581103,0.590418897,,,,
2640,AUTOGEN_FDA_BMM_2640,S,0.381468383,0.618531617,,,,
2641,AUTOGEN_FDA_BMM_2641,N,0.392583833,0.607416167,,,,
2642,AUTOGEN_FDA_BMM_2642,N,0.505152726,0.494847274,,,,
2643,AUTOGEN_FDA_BMM_2643,S,0.610599996,0.389400004,,,,
2644,AUTOGEN_FDA_BMM_2644,S,0.422470551,0.577529449,,,,
2645,AUTOGEN_FDA_BMM_2645,N,0.428838667,0.571161333,,,,
2646,AUTOGEN_FDA_BMM_2646,S,0.721685816,0.278314184,,,,
2647,AUTOGEN_FDA_BMM_2647,S,0.337990464,0.662009536,,,,
2648,AUTOGEN_FDA_BMM_2648,S,0.461886662,0.538113338,,,,
2649,AUTOGEN_FDA_BMM_2649,S,0.475041913,0.524958087,,,,
2650,AUTOGEN_FDA_BMM_2650,S,0.184191218,0.815808782,,,,
2651,AUTOGEN_FDA_BMM_2651,S,0.36351349,0.63648651,,,,
2652,AUTOGEN_FDA_BMM_2652,S,0.314237868,0.685762132,,,,
2653,AUTOGEN_FDA_BMM_2653,S,0.162743316,0.837256684,,,,
2654,AUTOGEN_FDA_BMM_2654,S,0.375846079,0.624153921,,,,
2655,AUTOGEN_FDA_BMM_2655,S,0.484537494,0.515462506,,,,
2656,AUTOGEN_FDA_BMM_2656,S,0.349399129,0.650600871,,,,
2657,AUTOGEN_FDA_BMM_2657,S,0.162743316,0.837256684,,,,
2658,AUTOGEN_FDA_BMM_2658,N,0.472198778,0.527801222,,,,
2659,AUTOGEN_FDA_BMM_2659,N,0.612020599,0.387979401,,,,
2660,AUTOGEN_FDA_BMM_2660,S,0.832206029,0.167793971,,,,
2661,AUTOGEN_FDA_BMM_2661,S,0.437017285,0.562982715,,,,
2662,AUTOGEN_FDA_BMM_2662,S,0.492563393,0.507436607,,,,
2663,AUTOGEN_FDA_BMM_2663,N,0.154011246,0.845988754,,,,
2664,AUTOGEN_FDA_BMM_2664,S,0.555247752,0.444752248,,,,
2665,AUTOGEN_FDA_BMM_2665,S,0.471896345,0.528103655,,,,
2666,AUTOGEN_FDA_BMM_2666,N,0.42901971,0.57098029,,,,
2667,AUTOGEN_FDA_BMM_2667,S,0.721685816,0.278314184,,,,
2668,AUTOGEN_FDA_BMM_2668,N,0.251409783,0.748590217,,,,
2669,AUTOGEN_FDA_BMM_2669,S,0.520105363,0.479894637,,,,
2670,AUTOGEN_FDA_BMM_2670,S,0.251409783,0.748590217,,,,
2671,AUTOGEN_FDA_BMM_2671,S,0.380106517,0.619893483,,,,
2672,AUTOGEN_FDA_BMM_2672,S,0.390665587,0.609334413,,,,
2673,AUTOGEN_FDA_BMM_2673,S,0.387662505,0.612337495,,,,
2674,AUTOGEN_FDA_BMM_2674,S,0.448564902,0.551435098,,,,
2675,AUTOGEN_FDA_BMM_2675,S,0.461266228,0.538733772,,,,
2676,AUTOGEN_FDA_BMM_2676,S,0.162743316,0.837256684,,,,
2677,AUTOGEN_FDA_BMM_2677,S,0.162743316,0.837256684,,,,
2678,AUTOGEN_FDA_BMM_2678,N,0.300360484,0.699639516,,,,
2679,AUTOGEN_FDA_BMM_2679,S,0.62589792,0.37410208,,,,
2680,AUTOGEN_FDA_BMM_2680,S,0.225950914,0.774049086,,,,
2681,AUTOGEN_FDA_BMM_2681,S,0.155904327,0.844095673,,,,
2682,AUTOGEN_FDA_BMM_2682,S,0.451366115,0.548633885,,,,
2683,AUTOGEN_FDA_BMM_2683,S,0.477566385,0.522433615,,,,
2684,AUTOGEN_FDA_BMM_2684,S,0.385712487,0.614287513,,,,
2685,AUTOGEN_FDA_BMM_2685,S,0.489437865,0.510562135,,,,
2686,AUTOGEN_FDA_BMM_2686,S,0.411086184,0.588913816,,,,
2687,AUTOGEN_FDA_BMM_2687,S,0.479501199,0.520498801,,,,
2688,AUTOGEN_FDA_BMM_2688,N,0.429130558,0.570869442,,,,
2689,AUTOGEN_FDA_BMM_2689,S,0.583310074,0.416689926,,,,
2690,AUTOGEN_FDA_BMM_2690,S,0.420691669,0.579308331,,,,
2691,AUTOGEN_FDA_BMM_2691,S,0.162743316,0.837256684,,,,
2692,AUTOGEN_FDA_BMM_2692,S,0.287249067,0.712750933,,,,
2693,AUTOGEN_FDA_BMM_2693,S,0.26026848,0.73973152,,,,
2694,AUTOGEN_FDA_BMM_2694,S,0.462333727,0.537666273,,,,
2695,AUTOGEN_FDA_BMM_2695,S,0.190707082,0.809292918,,,,
2696,AUTOGEN_FDA_BMM_2696,S,0.162743316,0.837256684,,,,
2697,AUTOGEN_FDA_BMM_2697,S,0.343713144,0.656286856,,,,
2698,AUTOGEN_FDA_BMM_2698,S,0.40793391,0.59206609,,,,
2699,AUTOGEN_FDA_BMM_2699,S,0.162743316,0.837256684,,,,
2700,AUTOGEN_FDA_BMM_2700,N,0.448964486,0.551035514,,,,
2701,AUTOGEN_FDA_BMM_2701,S,0.620664704,0.379335296,,,,
2702,AUTOGEN_FDA_BMM_2702,S,0.444555762,0.555444238,,,,
2703,AUTOGEN_FDA_BMM_2703,S,0.308352426,0.691647574,,,,
2704,AUTOGEN_FDA_BMM_2704,S,0.227465467,0.772534533,,,,
2705,AUTOGEN_FDA_BMM_2705,S,0.455847186,0.544152814,,,,
2706,AUTOGEN_FDA_BMM_2706,S,0.409160407,0.590839593,,,,
2707,AUTOGEN_FDA_BMM_2707,S,0.424973077,0.575026923,,,,
2708,AUTOGEN_FDA_BMM_2708,S,0.430976476,0.569023524,,,,
2709,AUTOGEN_FDA_BMM_2709,S,0.162743316,0.837256684,,,,
2710,AUTOGEN_FDA_BMM_2710,S,0.405241797,0.594758203,,,,
2711,AUTOGEN_FDA_BMM_2711,S,0.224533467,0.775466533,,,,
2712,AUTOGEN_FDA_BMM_2712,S,0.414014857,0.585985143,,,,
2713,AUTOGEN_FDA_BMM_2713,S,0.461266228,0.538733772,,,,
2714,AUTOGEN_FDA_BMM_2714,S,0.251409783,0.748590217,,,,
2715,AUTOGEN_FDA_BMM_2715,S,0.164373604,0.835626396,,,,
2716,AUTOGEN_FDA_BMM_2716,S,0.343194663,0.656805337,,,,
2717,AUTOGEN_FDA_BMM_2717,S,0.379280109,0.620719891,,,,
2718,AUTOGEN_FDA_BMM_2718,S,0.286155707,0.713844293,,,,
2719,AUTOGEN_FDA_BMM_2719,S,0.436847457,0.563152543,,,,
2720,AUTOGEN_FDA_BMM_2720,S,0.446177165,0.553822835,,,,
2721,AUTOGEN_FDA_BMM_2721,S,0.472362202,0.527637798,,,,
2722,AUTOGEN_FDA_BMM_2722,S,0.409581103,0.590418897,,,,
2723,AUTOGEN_FDA_BMM_2723,S,0.200666798,0.799333202,,,,
2724,AUTOGEN_FDA_BMM_2724,S,0.299780829,0.700219171,,,,
2725,AUTOGEN_FDA_BMM_2725,N,0.399978018,0.600021982,,,,
2726,AUTOGEN_FDA_BMM_2726,S,0.578761616,0.421238384,,,,
2727,AUTOGEN_FDA_BMM_2727,S,0.427153916,0.572846084,,,,
2728,AUTOGEN_FDA_BMM_2728,S,0.420514141,0.579485859,,,,
2729,AUTOGEN_FDA_BMM_2729,S,0.41196629,0.58803371,,,,
2730,AUTOGEN_FDA_BMM_2730,S,0.251409783,0.748590217,,,,
2731,AUTOGEN_FDA_BMM_2731,S,0.282057675,0.717942325,,,,
2732,AUTOGEN_FDA_BMM_2732,S,0.470987333,0.529012667,,,,
2733,AUTOGEN_FDA_BMM_2733,N,0.493159197,0.506840803,,,,
2734,AUTOGEN_FDA_BMM_2734,S,0.693783554,0.306216446,,,,
2735,AUTOGEN_FDA_BMM_2735,S,0.404579942,0.595420058,,,,
2736,AUTOGEN_FDA_BMM_2736,N,0.475624921,0.524375079,,,,
2737,AUTOGEN_FDA_BMM_2737,S,0.605695146,0.394304854,,,,
2738,AUTOGEN_FDA_BMM_2738,S,0.398202543,0.601797457,,,,
2739,AUTOGEN_FDA_BMM_2739,S,0.30485084,0.69514916,,,,
2740,AUTOGEN_FDA_BMM_2740,S,0.362925253,0.637074747,,,,
2741,AUTOGEN_FDA_BMM_2741,S,0.316176911,0.683823089,,,,
2742,AUTOGEN_FDA_BMM_2742,S,0.482185766,0.517814234,,,,
2743,AUTOGEN_FDA_BMM_2743,N,0.413009444,0.586990556,,,,
2744,AUTOGEN_FDA_BMM_2744,S,0.519000793,0.480999207,,,,
2745,AUTOGEN_FDA_BMM_2745,S,0.406629879,0.593370121,,,,
2746,AUTOGEN_FDA_BMM_2746,S,0.410937527,0.589062473,,,,
2747,AUTOGEN_FDA_BMM_2747,S,0.438391719,0.561608281,,,,
2748,AUTOGEN_FDA_BMM_2748,S,0.409707678,0.590292322,,,,
2749,AUTOGEN_FDA_BMM_2749,S,0.410826004,0.589173996,,,,
2750,AUTOGEN_FDA_BMM_2750,S,0.464130899,0.535869101,,,,
2751,AUTOGEN_FDA_BMM_2751,S,0.384696968,0.615303032,,,,
2752,AUTOGEN_FDA_BMM_2752,N,0.325148349,0.674851651,,,,
2753,AUTOGEN_FDA_BMM_2753,S,0.562435239,0.437564761,,,,
2754,AUTOGEN_FDA_BMM_2754,N,0.162743316,0.837256684,,,,
2755,AUTOGEN_FDA_BMM_2755,S,0.534993383,0.465006617,,,,
2756,AUTOGEN_FDA_BMM_2756,S,0.433251393,0.566748607,,,,
2757,AUTOGEN_FDA_BMM_2757,S,0.395630256,0.604369744,,,,
2758,AUTOGEN_FDA_BMM_2758,S,0.445163972,0.554836028,,,,
2759,AUTOGEN_FDA_BMM_2759,S,0.385675413,0.614324587,,,,
2760,AUTOGEN_FDA_BMM_2760,S,0.422518694,0.577481306,,,,
2761,AUTOGEN_FDA_BMM_2761,S,0.433251393,0.566748607,,,,
2762,AUTOGEN_FDA_BMM_2762,S,0.338387701,0.661612299,,,,
2763,AUTOGEN_FDA_BMM_2763,S,0.423581188,0.576418812,,,,
2764,AUTOGEN_FDA_BMM_2764,N,0.342759031,0.657240969,,,,
2765,AUTOGEN_FDA_BMM_2765,S,0.70532623,0.29467377,,,,
2766,AUTOGEN_FDA_BMM_2766,S,0.438990406,0.561009594,,,,
2767,AUTOGEN_FDA_BMM_2767,N,0.466222103,0.533777897,,,,
2768,AUTOGEN_FDA_BMM_2768,S,0.51586429,0.48413571,,,,
2769,AUTOGEN_FDA_BMM_2769,S,0.427478009,0.572521991,,,,
2770,AUTOGEN_FDA_BMM_2770,S,0.312580711,0.687419289,,,,
2771,AUTOGEN_FDA_BMM_2771,S,0.419308138,0.580691862,,,,
2772,AUTOGEN_FDA_BMM_2772,S,0.439295717,0.560704283,,,,
2773,AUTOGEN_FDA_BMM_2773,S,0.464750723,0.535249277,,,,
2774,AUTOGEN_FDA_BMM_2774,S,0.378198543,0.621801457,,,,
2775,AUTOGEN_FDA_BMM_2775,N,0.454930348,0.545069652,,,,
2776,AUTOGEN_FDA_BMM_2776,S,0.575617575,0.424382425,,,,
2777,AUTOGEN_FDA_BMM_2777,S,0.286155707,0.713844293,,,,
2778,AUTOGEN_FDA_BMM_2778,S,0.29284264,0.70715736,,,,
2779,AUTOGEN_FDA_BMM_2779,S,0.41444538,0.58555462,,,,
2780,AUTOGEN_FDA_BMM_2780,S,0.470022247,0.529977753,,,,
2781,AUTOGEN_FDA_BMM_2781,S,0.48330528,0.51669472,,,,
2782,AUTOGEN_FDA_BMM_2782,S,0.458713009,0.541286991,,,,
2783,AUTOGEN_FDA_BMM_2783,S,0.122444038,0.877555962,,,,
2784,AUTOGEN_FDA_BMM_2784,S,0.251409783,0.748590217,,,,
2785,AUTOGEN_FDA_BMM_2785,S,0.251409783,0.748590217,,,,
2786,AUTOGEN_FDA_BMM_2786,S,0.299506591,0.700493409,,,,
2787,AUTOGEN_FDA_BMM_2787,S,0.477566385,0.522433615,,,,
2788,AUTOGEN_FDA_BMM_2788,S,0.47316624,0.52683376,,,,
2789,AUTOGEN_FDA_BMM_2789,S,0.373950584,0.626049416,,,,
2790,AUTOGEN_FDA_BMM_2790,S,0.419473018,0.580526982,,,,
2791,AUTOGEN_FDA_BMM_2791,S,0.490404142,0.509595858,,,,
2792,AUTOGEN_FDA_BMM_2792,S,0.451843562,0.548156438,,,,
2793,AUTOGEN_FDA_BMM_2793,S,0.347428311,0.652571689,,,,
2794,AUTOGEN_FDA_BMM_2794,S,0.162743316,0.837256684,,,,
2795,AUTOGEN_FDA_BMM_2795,S,0.347174296,0.652825704,,,,
2796,AUTOGEN_FDA_BMM_2796,S,0.329885796,0.670114204,,,,
2797,Trazodone hydrochloride.cdx,S,0.416780623,0.583219377,,,,
2798,Disodium Cromoglycate.cdx,S,0.492596695,0.507403305,,,,
2799,Epalrestat.cdx,S,0.423801277,0.576198723,,,,
2800,Flubendazole.cdx,S,0.495360936,0.504639064,,,,
2801,NADIDE.cdx,S,0.432512802,0.567487198,,,,
2802,Streptomycin sulfate.cdx,S,0.45125544,0.54874456,,,,
2803,Clindamycin phosphate.cdx,S,0.453775943,0.546224057,,,,
2804,Lornoxicam.cdx,N,0.454409047,0.545590953,,,,
2805,AUTOGEN_FDA_BMM_2805,S,0.548679074,0.451320926,,,,
2806,D-Phenylalanine.cdx,S,0.162743316,0.837256684,,,,
2807,Nefopam HCl.cdx,S,0.41269582,0.58730418,,,,
2808,Paromomycin Sulfate.cdx,S,0.407311202,0.592688798,,,,
2809,AUTOGEN_FDA_BMM_2809,S,0.328090224,0.671909776,,,,
2810,Sodium ascorbate.cdx,S,0.302902831,0.697097169,,,,
2811,Bismuth subcitrate potassium.cdx,S,0.162743316,0.837256684,,,,
2812,Clodronate disodium.cdx,S,0.162743316,0.837256684,,,,
2813,Colistin sulfate.cdx,S,0.406575792,0.593424208,,,,
2814,Dexamethasone sodium phosphate.cdx,S,0.448564902,0.551435098,,,,
2815,S2597-Oseltamivir phosphate.cdx,N,0.44962219,0.55037781,,,,
2816,S4117.cdx,S,0.516798411,0.483201589,,,,
2817,S3953 L-Lysine hydrochloride.cdx,N,0.162743316,0.837256684,,,,
2818,S3821 Nuciferine.cdx,S,0.896206431,0.103793569,,,,
2819,S3973 L-SelenoMethionine.cdx,S,0.162743316,0.837256684,,,,
2820,S3770 Sodium Aescinate.cdx,S,0.208192016,0.791807984,,,,
2821,S3752 isoleucine.cdx,S,0.162743316,0.837256684,,,,
2822,S3753 L-Leucine.cdx,S,0.162743316,0.837256684,,,,
2823,S3963 DL-Glutamine.cdx,N,0.410904979,0.589095021,,,,
2824,S3891 Vincamine.cdx,N,0.5542516,0.4457484,,,,
2825,S3801 Sodium Houttuyfonate.cdx,S,0.59351129,0.40648871,,,,
2826,Ribostamycin Sulfate.cdx,N,0.407311202,0.592688798,,,,
2827,tetramisole hydrochloride.cdx,S,0.542214927,0.457785073,,,,
2828,Vitamin A palmitate.cdx,S,0.285670761,0.714329239,,,,
2829,14028-44-5.cdx,S,0.414644919,0.585355081,,,,
2830,Minocycline hydrochloride.cdx,S,0.424101253,0.575898747,,,,
2831,Apramycin Sulfate.cdx,N,0.488261473,0.511738527,,,,
2832,CEPHALEXIN (cephalexin).cdx,S,0.52088342,0.47911658,,,,
2833,calcium gluceptate.cdx,S,0.335008362,0.664991638,,,,
2834,"canrenoic acid, potassium salt.cdx",S,0.247151958,0.752848042,,,,
2835,ceftazidime pentahydrate.cdx,S,0.315392933,0.684607067,,,,
2836,tolmetin sodium.cdx,S,0.272458966,0.727541034,,,,
2837,Ebastine.cdx,S,0.333056772,0.666943228,,,,
2838,EPZ-6438 (E7438).cdx,S,0.422409158,0.577590842,,,,
2839,guanethidine sulfate.cdx,S,0.347174296,0.652825704,,,,
2840,Rilmenidine phosphate.cdx,S,0.45385876,0.54614124,,,,
2841,Micafungin sodium.cdx,S,0.488624475,0.511375525,,,,
2842,Amifostine .cdx,S,0.162743316,0.837256684,,,,
2843,Caspofungin acetate.cdx,S,0.403149345,0.596850655,,,,
2844,INVEGA (paliperidone).cdx,S,0.445449129,0.554550871,,,,
2845,Heparin sodium.cdx,S,0.455510141,0.544489859,,,,
2846,Clopidol.cdx,S,0.404502681,0.595497319,,,,
2847,Hydroxychloroquine sulfate.cdx,S,0.237479659,0.762520341,,,,
2848,Isepamicin sulfate.cdx,S,0.432169434,0.567830566,,,,
2849,Indoximod.cdx,S,0.454371884,0.545628116,,,,
2850,Pemetrexed disodium hydrate.cdx,S,0.422042426,0.577957574,,,,
2851,s4030.cdx,S,0.297540314,0.702459686,,,,
2852,AUTOGEN_FDA_BMM_2852,S,0.391682614,0.608317386,,,,
2853,AUTOGEN_FDA_BMM_2853,S,0.251409783,0.748590217,,,,
2854,AUTOGEN_FDA_BMM_2854,S,0.418527025,0.581472975,,,,
2855,AUTOGEN_FDA_BMM_2855,S,0.332275822,0.667724178,,,,
2856,AUTOGEN_FDA_BMM_2856,N,0.332275822,0.667724178,,,,
2857,AUTOGEN_FDA_BMM_2857,N,0.758347781,0.241652219,,,,
2858,AUTOGEN_FDA_BMM_2858,S,0.745025465,0.254974535,,,,
2859,AUTOGEN_FDA_BMM_2859,N,0.143232657,0.856767343,,,,
2860,AUTOGEN_FDA_BMM_2860,S,0.580364311,0.419635689,,,,
2861,AUTOGEN_FDA_BMM_2861,S,0.44547394,0.55452606,,,,
2862,AUTOGEN_FDA_BMM_2862,S,0.411086184,0.588913816,,,,
2863,AUTOGEN_FDA_BMM_2863,S,0.393679669,0.606320331,,,,
2864,AUTOGEN_FDA_BMM_2864,S,0.433956938,0.566043062,,,,
2865,AUTOGEN_FDA_BMM_2865,S,0.287249067,0.712750933,,,,
2866,AUTOGEN_FDA_BMM_2866,S,0.279182307,0.720817693,,,,
2867,AUTOGEN_FDA_BMM_2867,S,0.462953151,0.537046849,,,,
2868,AUTOGEN_FDA_BMM_2868,S,0.162743316,0.837256684,,,,
2869,AUTOGEN_FDA_BMM_2869,S,0.336815771,0.663184229,,,,
2870,AUTOGEN_FDA_BMM_2870,S,0.350641276,0.649358724,,,,
2871,AUTOGEN_FDA_BMM_2871,S,0.344441651,0.655558349,,,,
2872,AUTOGEN_FDA_BMM_2872,S,0.457329248,0.542670752,,,,
2873,AUTOGEN_FDA_BMM_2873,N,0.358084855,0.641915145,,,,
2874,AUTOGEN_FDA_BMM_2874,S,0.502154351,0.497845649,,,,
2875,AUTOGEN_FDA_BMM_2875,S,0.347174296,0.652825704,,,,
2876,AUTOGEN_FDA_BMM_2876,N,0.470081608,0.529918392,,,,
2877,AUTOGEN_FDA_BMM_2877,S,0.758347781,0.241652219,,,,
2878,AUTOGEN_FDA_BMM_2878,N,0.162743316,0.837256684,,,,
2879,AUTOGEN_FDA_BMM_2879,S,0.608408354,0.391591646,,,,
2880,AUTOGEN_FDA_BMM_2880,N,0.362968972,0.637031028,,,,
2881,AUTOGEN_FDA_BMM_2881,S,0.608408354,0.391591646,,,,
2882,AUTOGEN_FDA_BMM_2882,N,0.251409783,0.748590217,,,,
2883,AUTOGEN_FDA_BMM_2883,S,0.603852592,0.396147408,,,,
2884,AUTOGEN_FDA_BMM_2884,S,0.162743316,0.837256684,,,,
2885,AUTOGEN_FDA_BMM_2885,S,0.425900535,0.574099465,,,,
2886,AUTOGEN_FDA_BMM_2886,S,0.444578801,0.555421199,,,,
2887,AUTOGEN_FDA_BMM_2887,N,0.488406576,0.511593424,,,,
2888,AUTOGEN_FDA_BMM_2888,S,0.811539759,0.188460241,,,,
2889,AUTOGEN_FDA_BMM_2889,S,0.499417644,0.500582356,,,,
2890,AUTOGEN_FDA_BMM_2890,S,0.400276593,0.599723407,,,,
2891,AUTOGEN_FDA_BMM_2891,S,0.392637182,0.607362818,,,,
2892,AMINOCAPROIC ACID (aminocaproic acid).cdx,S,0.162743316,0.837256684,,,,
2893,Foscarnet Sodium.cdx,S,0.162743316,0.837256684,,,,
2894,sennoside A.cdx,S,0.417862109,0.582137891,,,,
2895,Lomefloxacin hydrochloride.cdx,S,0.399505972,0.600494028,,,,
2896,Hydralazine hydrochloride.cdx,S,0.442439214,0.557560786,,,,
2897,Neomycin sulfate.cdx,S,0.407311202,0.592688798,,,,
2898,Amiloride hydrochloride dihydrate.cdx,S,0.434363964,0.565636036,,,,
2899,Adenine sulfate.cdx,S,0.447826672,0.552173328,,,,
2900,ATP disodium salt.cdx,S,0.441250362,0.558749638,,,,
2901,Meclizine dihydrochloride.cdx,S,0.174689103,0.825310897,,,,
2902,Procarbazine Hydrochloride.cdx,S,0.134941419,0.865058581,,,,
2903,Ticlopidine hydrochloride.cdx,N,0.443994459,0.556005541,,,,
2904,AUTOGEN_FDA_BMM_2904,N,0.515036494,0.484963506,,,,
2905,S3636 Cefadroxil (hydrate).cdx,S,0.52088342,0.47911658,,,,
2906,S3948 Spermine.cdx,S,0.198906527,0.801093473,,,,
2907,INCB28060.cdx,S,0.430382968,0.569617032,,,,
2908,Plerixafor 8HCl.cdx,S,0.146904619,0.853095381,,,,
2909,Ibandronate sodium.cdx,S,0.183765986,0.816234014,,,,
2910,L-Arginine hydrochloride.cdx,S,0.428195404,0.571804596,,,,
2911,Thiamine hydrochloride.cdx,N,0.334779481,0.665220519,,,,
2912,Palonosetron HCl.cdx,S,0.610582335,0.389417665,,,,
2913,Solifenacin succinate.cdx,S,0.418938577,0.581061423,,,,
2914,Besifloxacin HCl.cdx,S,0.375296848,0.624703152,,,,
2915,Amprolium HCl.cdx,S,0.381583517,0.618416483,,,,
2916,Bacitracin.cdx,S,0.428706709,0.571293291,,,,
2917,AUTOGEN_FDA_BMM_2917,S,0.345699259,0.654300741,,,,
2918,Chloroquine phosphate.cdx,S,0.237479659,0.762520341,,,,
2919,Chlortetracycline HCl.cdx,S,0.430133643,0.569866357,,,,
2920,Eprazinone 2HCl.cdx,S,0.473159951,0.526840049,,,,
2921,Sodium gluconate.cdx,S,0.162743316,0.837256684,,,,
2922,untitled.cdx,S,0.440129121,0.559870879,,,,
2923,Enrofloxacin.cdx,S,0.422470551,0.577529449,,,,
2924,Hypoxanthine.cdx,S,0.465850671,0.534149329,,,,
2925,(R)-baclofen.cdx,S,0.33559562,0.66440438,,,,
2926,untitled.cdx,N,0.467991316,0.532008684,,,,
2927,Ambroxol HCl.cdx,S,0.695349943,0.304650057,,,,
2928,Hygromycin B.cdx,S,0.409859458,0.590140542,,,,
2929,Amikacin sulfate.cdx,S,0.436777217,0.563222783,,,,
2930,G-418 sulphate.cdx,S,0.407311202,0.592688798,,,,
2931,Mozavaptan.cdx,N,0.440474739,0.559525261,,,,
2932,Prazosin hydrochloride.cdx,S,0.504203365,0.495796635,,,,
2933,Sarafloxacin hydrochloride.cdx,S,0.40057508,0.59942492,,,,
2934,LIQUID PRED (Lisinopril).cdx,S,0.42119141,0.57880859,,,,
2935,Fosinopril sodium.cdx,N,0.419002122,0.580997878,,,,
2936,Vinpocetine.cdx,S,0.538433745,0.461566255,,,,
2937,Tobramycin.cdx,S,0.413532068,0.586467932,,,,
2938,Vancomycin hydrochloride.cdx,S,0.436671471,0.563328529,,,,
2939,RELENZA (zanamivir).cdx,S,0.42502071,0.57497929,,,,
2940,SULFAPYRIDINE (sulfapyridine).cdx,S,0.32565551,0.67434449,,,,
2941,Plerixafor.cdx,S,0.146904619,0.853095381,,,,
2942,Pemirolast potassium.cdx,S,0.391944138,0.608055862,,,,
2943,Sodium Fluorophosphate.cdx,S,0.162743316,0.837256684,,,,
2944,netilmicin sulfate.cdx,N,0.441417342,0.558582658,,,,
2945,Flavoxate HCL.cdx,S,0.527027187,0.472972813,,,,
2946,Mildronate.cdx,N,0.134597949,0.865402051,,,,
2947,Succinylcholine Chloride Dihydrate.cdx,N,0.515036494,0.484963506,,,,
2948,Terbutaline sulfate.cdx,S,0.745025465,0.254974535,,,,
2949,s1023.cdx,S,0.411325201,0.588674799,,,,
2950,Imiquimod.cdx,S,0.427735986,0.572264014,,,,
2951,Camptothecine.cdx,S,0.384353537,0.615646463,,,,
2952,Oxibendazole.cdx,S,0.473087446,0.526912554,,,,
2953,Irsogladine.cdx,S,0.241290197,0.758709803,,,,
2954,Danofloxacin mesylate.cdx,S,0.422470551,0.577529449,,,,
2955,Ketoconazole.cdx,S,0.452112529,0.547887471,,,,
2956,Cefoselis sulfate.cdx,S,0.390053776,0.609946224,,,,
2957,Risedronate sodium.cdx,S,0.261647609,0.738352391,,,,
2958,Marbofloxacin.cdx,N,0.438245368,0.561754632,,,,
2959,IRBESARTAN (irbesartan).cdx,S,0.686144542,0.313855458,,,,
2960,CHIBROXIN (norfloxacin).cdx,S,0.399505972,0.600494028,,,,
2961,Tripelennamine hydrochloride.cdx,S,0.476370658,0.523629342,,,,
2962,AUTOGEN_FDA_BMM_2962,S,0.353184597,0.646815403,,,,
2963,Amikacin hydrate.cdx,S,0.436777217,0.563222783,,,,
2964,RISPERIDONE (risperidone).cdx,S,0.445449129,0.554550871,,,,
2965,Oxacillin sodium monohydrate.cdx,N,0.371137956,0.628862044,,,,
2966,ALDOMET (methyldopa).cdx,S,0.603852592,0.396147408,,,,
2967,DEMADEX (torsemide).cdx,S,0.398986202,0.601013798,,,,
2968,EPLERENONE (eplerenone).cdx,S,0.260399197,0.739600803,,,,
2969,Deferiprone.cdx,S,0.221189051,0.778810949,,,,
2970,SEROMYCIN (cycloserine).cdx,S,0.134597949,0.865402051,,,,
2971,Sodium butyrate.cdx,S,0.162743316,0.837256684,,,,
2972,Taurine.cdx,S,0.331790532,0.668209468,,,,
2973,Fudosteine.cdx,S,0.162743316,0.837256684,,,,
2974,NEURONTIN (gabapentin).cdx,S,0.419953085,0.580046915,,,,
2975,Creatinine.cdx,S,0.311091484,0.688908516,,,,
2976,Neratinib.cdx,S,0.386396504,0.613603496,,,,
2977,R 788.cdx,S,0.392583833,0.607416167,,,,
2978,(-)-Huperzine A.cdx,S,0.266662406,0.733337594,,,,
2979,Diosmin.cdx,S,0.455607473,0.544392527,,,,
2980,Donepezil HCl.cdx,S,0.497724549,0.502275451,,,,
2981,Itraconazole.cdx,S,0.441509295,0.558490705,,,,
2982,Neostigmine bromide.cdx,N,0.095662726,0.904337274,,,,
2983,Salbutamol sulfate.cdx,S,0.704380571,0.295619429,,,,
2984,Methacycline hydrochloride.cdx,S,0.430689548,0.569310452,,,,
2985,7-Aminocephalosporanic acid.cdx,N,0.44361452,0.55638548,,,,
2986,Ketanserin.cdx,S,0.509185309,0.490814691,,,,
2987,Dihydrostreptomycin sulfate.cdx,S,0.45125544,0.54874456,,,,
2988,Eprodisate (disodium).cdx,S,0.267455948,0.732544052,,,,
2989,S4575 Pralidoxime (chloride).cdx,S,0.171573431,0.828426569,,,,
2990,Sisomicin sulfate.cdx,S,0.405076385,0.594923615,,,,
2991,S4592 SBE-¦Â-CD.cdx,S,0.395678662,0.604321338,,,,
2992,S4582 Eflornithine  hydrochloride  hydrate.cdx,N,0.198906527,0.801093473,,,,
2993,S4605 Folic acid.cdx,S,0.508471367,0.491528633,,,,
2994,S4606 Glutathione.cdx,S,0.497041318,0.502958682,,,,
2995,S4694 Alosetron Hydrochloride.cdx,S,0.477577078,0.522422922,,,,
2996,S4654 Netupitant.cdx,S,0.478206255,0.521793745,,,,
2997,S4671 Cefradine.cdx,S,0.398168806,0.601831194,,,,
2998,Kanamycin sulfate.cdx,N,0.407311202,0.592688798,,,,
2999,S4704 D-(+)-Cellobiose.cdx,S,0.857264806,0.142735194,,,,
3000,S4721 L-Glutamic acid monosodium salt.cdx,S,0.358089343,0.641910657,,,,
3001,S4700 4-Aminobutyric acid.cdx,S,0.358089343,0.641910657,,,,
3002,S4703 Choline bitartrate.cdx,N,0.162743316,0.837256684,,,,
3003,S4740 Ferulic acid (sodium).cdx,N,0.734122753,0.265877247,,,,
3004,S4741 Danshensu.cdx,S,0.603852592,0.396147408,,,,
3005,S3650 Penicillin V potassium salt.cdx,S,0.438030139,0.561969861,,,,
3006,Chondroitin sulfate.cdx,S,0.48273287,0.51726713,,,,
3007,S3667 Imipenem.cdx,S,0.266273581,0.733726419,,,,
3008,S3649 Ceftazidime.cdx,S,0.315392933,0.684607067,,,,
3009,S3662 Pirenzepine (dihydrochloride).cdx,S,0.45417976,0.54582024,,,,
3010,S3737 Cangrelor Tetrasodium.cdx,S,0.392386401,0.607613599,,,,
3011,S3721 Bilastine.cdx,S,0.481653342,0.518346658,,,,
3012,S3642 Cesium chloride.cdx,S,0.162743316,0.837256684,,,,
3013,S3748 Acamprosate Calcium.cdx,S,0.331790532,0.668209468,,,,
3014,S3749 Calcium gluconate.cdx,S,0.162743316,0.837256684,,,,
3015,S3798 L-Citrulline.cdx,S,0.347923629,0.652076371,,,,
3016,S4810 Glycylglycine.cdx,S,0.162743316,0.837256684,,,,
3017,S4811 VitaMin U.cdx,N,0.162743316,0.837256684,,,,
3018,S5107 Flavin mononucleotide.cdx,S,0.518171448,0.481828552,,,,
3019,S3861 Sodium Demethylcantharidate.cdx,S,0.269975669,0.730024331,,,,
3020,S3852 L-Theanine.cdx,S,0.437748352,0.562251648,,,,
3021,S5131 Homotaurine.cdx,S,0.331790532,0.668209468,,,,
3022,S5124 DL-Citrulline.cdx,S,0.347923629,0.652076371,,,,
3023,S5136 Calcium folinate.cdx,S,0.466978531,0.533021469,,,,
3024,S4770 Creatine phosphate disodium salt.cdx,S,0.164373604,0.835626396,,,,
3025,S4821 Glycine.cdx,S,0.162743316,0.837256684,,,,
3026,S4930 Cetilistat.cdx,S,0.439580991,0.560419009,,,,
3027,S5031 Sulfaquinoxaline sodium.cdx,S,0.433573474,0.566426526,,,,
3028,S5220 D-Pantethine.cdx,S,0.349635329,0.650364671,,,,
3029,S4827 Manganese chloride.cdx,S,0.162743316,0.837256684,,,,
3030,S4828 Sodium carbonate.cdx,N,0.162743316,0.837256684,,,,
3031,S5018 Mebhydrolin napadisylate.cdx,S,0.518948367,0.481051633,,,,
3032,S4972 Choline Glycerophosphate.cdx,N,0.300314857,0.699685143,,,,
3033,S5097 Methotrexate disodium.cdx,N,0.585167737,0.414832263,,,,
3034,S5232 Alectinib hydrochloride.cdx,S,0.562593495,0.437406505,,,,
3035,S5035 6-AMinopenicillanic acid.cdx,S,0.348864395,0.651135605,,,,
3036,S5048 Fosfomycin Disodium.cdx,S,0.162743316,0.837256684,,,,
3037,S5051 Pipemidic acid.cdx,S,0.438998085,0.561001915,,,,
3038,S5252 Ozagrel sodium.cdx,S,0.46686707,0.53313293,,,,
3039,S5098 Gefitinib hydrochloride.cdx,S,0.422676418,0.577323582,,,,
3040,S5296 Cephradine monohydrate.cdx,S,0.398168806,0.601831194,,,,
3041,S5499 Amantadine.cdx,S,0.214721598,0.785278402,,,,
3042,S5355 Piperaquine phosphate.cdx,S,0.354854856,0.645145144,,,,
3043,S5362 Citicholine.cdx,S,0.410011259,0.589988741,,,,
3044,"S5384 UTP, Trisodium Salt.cdx",S,0.412694728,0.587305272,,,,
3045,S5433 Sodium succinate dibasic.cdx,S,0.162743316,0.837256684,,,,
3046,S5496 Guanethidine Monosulfate.cdx,S,0.347174296,0.652825704,,,,
3047,"S5524 Spermine, Tetrahydrochloride.cdx",S,0.198906527,0.801093473,,,,
3048,S5545 DL-Serine.cdx,S,0.162743316,0.837256684,,,,
3049,S5549 DL-Arginine.cdx,S,0.428195404,0.571804596,,,,
3050,S5571 L-Asparagine.cdx,S,0.358089343,0.641910657,,,,
3051,S5588 Creatine.cdx,S,0.162743316,0.837256684,,,,
3052,S5628 L-Valine.cdx,S,0.162743316,0.837256684,,,,
3053,S5629 L-Proline.cdx,S,0.234846716,0.765153284,,,,
3054,S5630 L-lysine.cdx,S,0.162743316,0.837256684,,,,
3055,S5631 L-Alanine.cdx,S,0.162743316,0.837256684,,,,
3056,S5632 L-aspartic Acid.cdx,S,0.134597949,0.865402051,,,,
3057,S5633 L-methionine.cdx,S,0.162743316,0.837256684,,,,
3058,S5634 L-arginine.cdx,S,0.428195404,0.571804596,,,,
3059,S5635 L-cysteine.cdx,N,0.370835741,0.629164259,,,,
3060,S5267 Nylidrin Hydrochloride.cdx,S,0.811504339,0.188495661,,,,
3061,S5272 Toceranib phosphate.cdx,S,0.405480036,0.594519964,,,,
3062,S5412 Loxoprofen sodium.cdx,S,0.16431757,0.83568243,,,,
3063,S5712 Zofenopril calcium.cdx,S,0.410345909,0.589654091,,,,
3064,S4653 L-Ornithine hydrochloride.cdx,S,0.198906527,0.801093473,,,,
3065,"Lazertinib (YH25448,GNS-1480).cdx",S,0.447548379,0.552451621,,,,
3066,S4933 Lithium carbonate.cdx,S,0.162743316,0.837256684,,,,
3067,S4986 Latamoxef sodium.cdx,N,0.470028691,0.529971309,,,,
3068,AUTOGEN_FDA_BMM_3068,N,0.539930407,0.460069593,,,,
3069,AUTOGEN_FDA_BMM_3069,S,0.774294796,0.225705204,,,,
3070,AUTOGEN_FDA_BMM_3070,S,0.469397105,0.530602895,,,,
3071,AUTOGEN_FDA_BMM_3071,N,0.494730588,0.505269412,,,,
3072,AUTOGEN_FDA_BMM_3072,S,0.503437721,0.496562279,,,,
3073,AUTOGEN_FDA_BMM_3073,N,0.394279022,0.605720978,,,,
3074,AUTOGEN_FDA_BMM_3074,N,0.539930407,0.460069593,,,,
3075,AUTOGEN_FDA_BMM_3075,N,0.5158777,0.4841223,,,,
3076,AUTOGEN_FDA_BMM_3076,S,0.539930407,0.460069593,,,,
3077,Azasetron hydrochloride.cdx,S,0.289921476,0.710078524,,,,
3078,AUTOGEN_FDA_BMM_3078,S,0.441250362,0.558749638,,,,
3079,AUTOGEN_FDA_BMM_3079,S,0.234115959,0.765884041,,,,
3080,AUTOGEN_FDA_BMM_3080,S,0.162743316,0.837256684,,,,
3081,AUTOGEN_FDA_BMM_3081,S,0.395733479,0.604266521,,,,
3082,AUTOGEN_FDA_BMM_3082,N,0.478119523,0.521880477,,,,
3083,P1017 Octreotide Acetate.cdx,S,0.562785895,0.437214105,,,,
3084,S5533 Tobramycin sulfate.cdx,S,0.413532068,0.586467932,,,,
3085,AUTOGEN_FDA_BMM_3085,S,0.401939362,0.598060638,,,,
3086,S5601 Balofloxacin Dihydrate.cdx,S,0.422470551,0.577529449,,,,
3087,S5706 Edetate Trisodium.cdx,S,0.174125148,0.825874852,,,,
3088,S5660 Clodronate disodium tetrahydrate.cdx,S,0.162743316,0.837256684,,,,
3089,S9344 DL-Methionine.cdx,S,0.162743316,0.837256684,,,,
3090,S9353 L-serine.cdx,S,0.162743316,0.837256684,,,,
3091,AUTOGEN_FDA_BMM_3091,S,0.358089343,0.641910657,,,,
3092,AUTOGEN_FDA_BMM_3092,S,0.162743316,0.837256684,,,,
3093,AUTOGEN_FDA_BMM_3093,S,0.251409783,0.748590217,,,,
3094,AUTOGEN_FDA_BMM_3094,S,0.134597949,0.865402051,,,,
3095,AUTOGEN_FDA_BMM_3095,S,0.148329034,0.851670966,,,,
3096,AUTOGEN_FDA_BMM_3096,S,0.498193428,0.501806572,,,,
3097,AUTOGEN_FDA_BMM_3097,S,0.448000511,0.551999489,,,,
3098,AUTOGEN_FDA_BMM_3098,S,0.174125148,0.825874852,,,,
3099,AUTOGEN_FDA_BMM_3099,S,0.174125148,0.825874852,,,,
3100,AUTOGEN_FDA_BMM_3100,S,0.466222103,0.533777897,,,,
3101,AUTOGEN_FDA_BMM_3101,S,0.183765986,0.816234014,,,,
3102,AUTOGEN_FDA_BMM_3102,S,0.162743316,0.837256684,,,,
3103,AUTOGEN_FDA_BMM_3103,S,0.342264344,0.657735656,,,,
3104,AUTOGEN_FDA_BMM_3104,S,0.496264161,0.503735839,,,,
3105,AUTOGEN_FDA_BMM_3105,S,0.162743316,0.837256684,,,,
3106,AUTOGEN_FDA_BMM_3106,S,0.358089343,0.641910657,,,,
3107,AUTOGEN_FDA_BMM_3107,S,0.397985474,0.602014526,,,,
3108,AUTOGEN_FDA_BMM_3108,N,0.397346705,0.602653295,,,,
3109,AUTOGEN_FDA_BMM_3109,S,0.603852592,0.396147408,,,,
3110,AUTOGEN_FDA_BMM_3110,S,0.319384049,0.680615951,,,,
3111,AUTOGEN_FDA_BMM_3111,S,0.483797883,0.516202117,,,,
3112,AUTOGEN_FDA_BMM_3112,S,0.443014823,0.556985177,,,,
3113,AUTOGEN_FDA_BMM_3113,S,0.381578453,0.618421547,,,,
3114,AUTOGEN_FDA_BMM_3114,S,0.350761985,0.649238015,,,,
3115,AUTOGEN_FDA_BMM_3115,S,0.461390762,0.538609238,,,,
3116,AUTOGEN_FDA_BMM_3116,S,0.412694728,0.587305272,,,,
3117,AUTOGEN_FDA_BMM_3117,N,0.299754568,0.700245432,,,,
3118,AUTOGEN_FDA_BMM_3118,S,0.521595564,0.478404436,,,,
3119,S5650 Sodium Hyaluronate.cdx,N,0.279289228,0.720710772,,,,
3120,AUTOGEN_FDA_BMM_3120,S,0.598519903,0.401480097,,,,
3121,AUTOGEN_FDA_BMM_3121,S,0.407083352,0.592916648,,,,
3122,AUTOGEN_FDA_BMM_3122,S,0.174125148,0.825874852,,,,
3123,AUTOGEN_FDA_BMM_3123,N,0.162743316,0.837256684,,,,
3124,AUTOGEN_FDA_BMM_3124,S,0.562785895,0.437214105,,,,
3125,AUTOGEN_FDA_BMM_3125,S,0.499453632,0.500546368,,,,
3126,AUTOGEN_FDA_BMM_3126,S,0.162743316,0.837256684,,,,
3127,AUTOGEN_FDA_BMM_3127,S,0.482376674,0.517623326,,,,
3128,AUTOGEN_FDA_BMM_3128,N,0.388158218,0.611841782,,,,
3129,AUTOGEN_FDA_BMM_3129,S,0.721685816,0.278314184,,,,
3130,AUTOGEN_FDA_BMM_3130,S,0.448564902,0.551435098,,,,
3131,AUTOGEN_FDA_BMM_3131,S,0.162743316,0.837256684,,,,
3132,AUTOGEN_FDA_BMM_3132,S,0.441250362,0.558749638,,,,
3133,AUTOGEN_FDA_BMM_3133,S,0.421552919,0.578447081,,,,
3134,AUTOGEN_FDA_BMM_3134,S,0.162743316,0.837256684,,,,
3135,AUTOGEN_FDA_BMM_3135,S,0.422470551,0.577529449,,,,
3136,AUTOGEN_FDA_BMM_3136,S,0.174125148,0.825874852,,,,
3137,AUTOGEN_FDA_BMM_3137,S,0.134597949,0.865402051,,,,
3138,AUTOGEN_FDA_BMM_3138,S,0.162743316,0.837256684,,,,
3139,AUTOGEN_FDA_BMM_3139,N,0.436777217,0.563222783,,,,
3140,AUTOGEN_FDA_BMM_3140,S,0.540607553,0.459392447,,,,
3141,AUTOGEN_FDA_BMM_3141,S,0.198906527,0.801093473,,,,
3142,AUTOGEN_FDA_BMM_3142,S,0.162743316,0.837256684,,,,
3143,AUTOGEN_FDA_BMM_3143,N,0.410865565,0.589134435,,,,
3144,AUTOGEN_FDA_BMM_3144,S,0.539930407,0.460069593,,,,
3145,AUTOGEN_FDA_BMM_3145,S,0.464619151,0.535380849,,,,
3146,AUTOGEN_FDA_BMM_3146,S,0.407311202,0.592688798,,,,
3147,AUTOGEN_FDA_BMM_3147,S,0.162743316,0.837256684,,,,
3148,AUTOGEN_FDA_BMM_3148,S,0.339314827,0.660685173,,,,
3149,AUTOGEN_FDA_BMM_3149,S,0.370835741,0.629164259,,,,
3150,AUTOGEN_FDA_BMM_3150,S,0.162743316,0.837256684,,,,
3151,AUTOGEN_FDA_BMM_3151,S,0.162743316,0.837256684,,,,
3152,AUTOGEN_FDA_BMM_3152,S,0.442640675,0.557359325,,,,
3153,AUTOGEN_FDA_BMM_3153,S,0.162743316,0.837256684,,,,
3154,AUTOGEN_FDA_BMM_3154,S,0.347174296,0.652825704,,,,
3155,AUTOGEN_FDA_BMM_3155,S,0.467878453,0.532121547,,,,
3156,AUTOGEN_FDA_BMM_3156,S,0.489540063,0.510459937,,,,
3157,AUTOGEN_FDA_BMM_3157,S,0.285313319,0.714686681,,,,
3158,AUTOGEN_FDA_BMM_3158,S,0.184083492,0.815916508,,,,
3159,AUTOGEN_FDA_BMM_3159,S,0.407311202,0.592688798,,,,
3160,AUTOGEN_FDA_BMM_3160,S,0.162743316,0.837256684,,,,
3161,AUTOGEN_FDA_BMM_3161,S,0.465689124,0.534310876,,,,
3162,AUTOGEN_FDA_BMM_3162,S,0.234846716,0.765153284,,,,
3163,AUTOGEN_FDA_BMM_3163,S,0.448564902,0.551435098,,,,
3164,AUTOGEN_FDA_BMM_3164,S,0.162743316,0.837256684,,,,
3165,AUTOGEN_FDA_BMM_3165,S,0.424346302,0.575653698,,,,
3166,AUTOGEN_FDA_BMM_3166,N,0.378198543,0.621801457,,,,
3167,AUTOGEN_FDA_BMM_3167,S,0.516798411,0.483201589,,,,
3168,AUTOGEN_FDA_BMM_3168,S,0.431638972,0.568361028,,,,
3169,AUTOGEN_FDA_BMM_3169,S,0.470635673,0.529364327,,,,
3170,AUTOGEN_FDA_BMM_3170,S,0.405087075,0.594912925,,,,
3171,AUTOGEN_FDA_BMM_3171,N,0.162743316,0.837256684,,,,
3172,AUTOGEN_FDA_BMM_3172,S,0.726674214,0.273325786,,,,
3173,AUTOGEN_FDA_BMM_3173,S,0.370835741,0.629164259,,,,
3174,AUTOGEN_FDA_BMM_3174,S,0.162743316,0.837256684,,,,
3175,AUTOGEN_FDA_BMM_3175,S,0.162743316,0.837256684,,,,
3176,AUTOGEN_FDA_BMM_3176,S,0.251409783,0.748590217,,,,
3177,AUTOGEN_FDA_BMM_3177,S,0.338466263,0.661533737,,,,
3178,AUTOGEN_FDA_BMM_3178,S,0.391616193,0.608383807,,,,
3179,AUTOGEN_FDA_BMM_3179,S,0.454359313,0.545640687,,,,
3180,AUTOGEN_FDA_BMM_3180,S,0.420514141,0.579485859,,,,
3181,AUTOGEN_FDA_BMM_3181,S,0.440690357,0.559309643,,,,
3182,AUTOGEN_FDA_BMM_3182,S,0.44478862,0.55521138,,,,
3183,AUTOGEN_FDA_BMM_3183,S,0.498312666,0.501687334,,,,
3184,AUTOGEN_FDA_BMM_3184,N,0.430517918,0.569482082,,,,
3185,AUTOGEN_FDA_BMM_3185,,0.52088342,0.47911658,,,,
